Date,Time,Acc,Gyro
2025-02-07,14:22:35,"0.15, -0.03, 0.99","-0.79, -0.49, 0.18"
2025-02-07,14:22:35,"0.15, -0.03, 1.00","-0.31, -0.18, -0.31"
2025-02-07,14:22:36,"0.15, -0.03, 1.00","-0.37, -0.31, -0.18"
2025-02-07,14:22:36,"0.15, -0.03, 1.00","-0.43, -0.24, -0.18"
2025-02-07,14:22:37,"0.15, -0.03, 1.00","-0.37, -0.24, -0.18"
2025-02-07,14:22:37,"0.15, -0.03, 1.00","-0.55, -0.43, 0.00"
2025-02-07,14:22:38,"0.15, -0.03, 1.00","-0.43, -0.37, -0.18"
2025-02-07,14:22:38,"0.15, -0.03, 1.00","-0.43, -0.37, -0.18"
2025-02-07,14:22:39,"0.15, -0.03, 1.00","-0.18, -0.12, -0.31"
2025-02-07,14:22:39,"0.18, -0.50, 1.42","8.12, 66.96, 112.00"
2025-02-07,14:22:40,"-0.71, -1.52, -0.18","55.30, 73.43, 8.00"
2025-02-07,14:22:40,"-0.61, -0.43, -0.04","75.26, 147.34, -120.97"
2025-02-07,14:22:41,"-0.95, -0.59, -0.08","25.39, 28.81, 55.30"
2025-02-07,14:22:41,"-0.69, -1.11, -0.51","91.31, -45.10, 9.70"
2025-02-07,14:22:42,"-0.34, 0.31, 0.11","151.61, -171.26, 231.26"
2025-02-07,14:22:42,"-0.31, -0.95, 1.57","-97.72, 113.40, -165.53"
2025-02-07,14:22:43,"-0.16, 0.08, 0.22","-81.42, -104.00, 102.17"
2025-02-07,14:22:43,"-0.05, -0.04, 1.44","83.07, -1.40, 5.86"
2025-02-07,14:22:44,"-0.02, -0.95, 1.40","-40.71, -91.92, -153.93"
2025-02-07,14:22:44,"-0.48, -0.39, 1.08","18.25, -27.04, -45.10"
2025-02-07,14:22:45,"-0.22, -1.06, 0.62","31.92, -109.86, -128.11"
2025-02-07,14:22:45,"-0.05, -0.28, 0.91","-63.60, 40.95, -3.23"
2025-02-07,14:22:46,"0.05, -0.23, 0.50","260.62, 311.34, 58.29"
2025-02-07,14:22:46,"-0.25, -0.74, 1.13","-123.23, 15.08, 19.59"
2025-02-07,14:22:47,"-0.49, -1.04, 0.01","-3.91, -45.35, 67.81"
2025-02-07,14:22:47,"-0.26, -1.19, 0.54","52.86, 59.20, -147.22"
2025-02-07,14:22:48,"-0.27, -0.75, 1.09","-60.36, 69.15, -98.94"
2025-02-07,14:22:48,"-0.44, -0.58, 0.63","-2.32, -7.45, 0.61"
2025-02-07,14:22:49,"-0.19, -0.30, 0.85","-49.80, -135.56, 77.33"
2025-02-07,14:22:49,"0.22, -0.26, 0.82","-6.90, 17.09, -4.76"
2025-02-07,14:22:50,"0.22, -0.40, 0.90","49.62, 58.84, 18.07"
2025-02-07,14:22:50,"0.20, -0.65, 0.76","8.54, 1.65, -1.28"
2025-02-07,14:22:51,"0.21, -0.68, 0.73","-1.77, -0.55, 0.18"
2025-02-07,14:22:51,"0.21, -0.71, 0.72","-3.23, -0.24, 0.12"
2025-02-07,14:22:52,"0.21, -0.71, 0.70","-1.83, -0.43, 0.06"
2025-02-07,14:22:52,"0.21, -0.72, 0.70","-0.92, -0.37, -0.06"
2025-02-07,14:22:53,"0.20, -0.73, 0.69","-1.46, -0.49, 0.00"
2025-02-07,14:22:53,"0.20, -0.74, 0.68","-1.22, -0.43, -0.06"
2025-02-07,14:22:54,"0.21, -0.74, 0.67","-1.28, -0.43, -0.06"
2025-02-07,14:22:54,"0.20, -0.75, 0.67","-1.16, -0.37, -0.06"
2025-02-07,14:22:55,"0.20, -0.76, 0.66","-1.10, -0.43, -0.06"
2025-02-07,14:22:55,"0.20, -0.76, 0.66","-0.98, -0.43, -0.06"
2025-02-07,14:22:56,"0.20, -0.76, 0.65","-2.14, -0.61, 0.06"
2025-02-07,14:22:56,"0.20, -0.77, 0.65","-1.22, -0.43, -0.06"
2025-02-07,14:22:57,"0.20, -0.77, 0.64","-1.16, -0.43, -0.06"
2025-02-07,14:22:57,"0.20, -0.78, 0.64","-0.98, -0.37, -0.12"
2025-02-07,14:22:58,"0.20, -0.78, 0.63","-0.98, -0.37, -0.06"
2025-02-07,14:22:58,"0.20, -0.78, 0.63","-0.92, -0.31, -0.06"
2025-02-07,14:22:59,"0.20, -0.79, 0.62","-0.85, -0.43, -0.12"
2025-02-07,14:22:59,"0.20, -0.79, 0.62","-0.73, -0.37, -0.12"
2025-02-07,14:23:00,"0.20, -0.79, 0.62","-0.67, -0.37, -0.12"
2025-02-07,14:23:00,"0.20, -0.79, 0.62","-0.73, -0.37, -0.12"
2025-02-07,14:23:01,"0.20, -0.80, 0.61","-0.67, -0.37, -0.12"
2025-02-07,14:23:01,"0.20, -0.80, 0.61","-0.31, -0.37, -0.12"
2025-02-07,14:23:02,"0.16, -0.86, 0.56","66.28, 22.28, 10.68"
2025-02-07,14:23:02,"-0.84, -0.27, -0.75","36.93, -12.33, 7.45"
2025-02-07,14:23:03,"-0.18, -0.60, 0.80","-31.19, -11.66, -10.50"
2025-02-07,14:23:03,"-0.09, -0.58, 0.76","-19.04, -2.69, 27.40"
2025-02-07,14:23:04,"0.14, -0.93, 0.53","61.04, 14.10, 1.46"
2025-02-07,14:23:04,"0.22, -0.51, 1.59","121.34, 151.06, 47.00"
2025-02-07,14:23:05,"0.25, -0.91, 0.37","96.37, -47.30, 416.99"
2025-02-07,14:23:05,"-0.97, -0.67, 0.20","19.53, 94.30, -79.10"
2025-02-07,14:23:06,"-0.64, -0.79, -0.10","212.22, 10.25, 227.23"
2025-02-07,14:23:06,"-0.47, 0.58, 0.67","-241.94, -45.96, -131.41"
2025-02-07,14:23:07,"0.13, -0.88, 1.97","256.10, -20.94, -18.01"
2025-02-07,14:23:07,"0.84, -0.03, 1.23","-7.51, 154.85, -0.12"
2025-02-07,14:23:08,"0.12, -0.03, 1.00","-0.37, -0.24, -0.24"
2025-02-07,14:23:08,"0.12, -0.03, 1.00","-0.37, -0.31, -0.18"
2025-02-07,14:23:09,"0.12, -0.03, 1.00","-0.37, -0.24, -0.24"
2025-02-07,14:23:09,"0.11, -0.03, 1.00","-0.43, -0.43, 0.00"
2025-02-07,14:23:10,"0.12, -0.04, 1.00","-0.24, -0.24, -0.24"
2025-02-07,14:23:10,"0.12, -0.03, 1.00","-0.31, -0.24, -0.18"
2025-02-07,14:23:11,"0.12, -0.03, 1.00","-0.37, -0.31, -0.18"
2025-02-07,14:23:11,"0.12, -0.03, 1.00","-0.31, -0.24, -0.18"
2025-02-07,14:23:12,"0.12, -0.03, 1.00","-0.37, -0.31, -0.24"
2025-02-07,14:23:12,"0.12, -0.03, 1.00","-0.31, -0.31, -0.18"
2025-02-07,14:23:13,"0.12, -0.03, 1.00","-0.43, -0.31, -0.18"
2025-02-07,14:23:13,"0.12, -0.03, 1.00","-0.37, -0.31, -0.18"
2025-02-07,14:23:14,"0.12, -0.03, 1.00","-0.37, -0.31, -0.24"
2025-02-07,14:23:14,"0.12, -0.03, 1.00","-0.37, -0.31, -0.18"
2025-02-07,14:23:15,"0.12, -0.03, 1.00","-0.37, -0.31, -0.18"
2025-02-07,14:23:15,"0.12, -0.03, 1.00","-0.37, -0.31, -0.18"
2025-02-07,14:23:16,"0.12, -0.03, 1.00","-0.37, -0.31, -0.18"
2025-02-07,14:23:16,"0.12, -0.03, 1.00","-0.37, -0.24, -0.18"
2025-02-07,14:23:17,"0.12, -0.03, 1.00","-0.31, -0.31, -0.24"
2025-02-07,14:23:17,"0.12, -0.03, 1.00","-0.37, -0.31, -0.18"
2025-02-07,14:23:18,"0.12, -0.03, 1.00","-0.37, -0.31, -0.18"
2025-02-07,14:23:18,"0.12, -0.03, 1.00","-0.37, -0.31, -0.18"
2025-02-07,14:23:19,"0.12, -0.03, 1.00","-0.43, -0.31, -0.18"
2025-02-07,14:23:19,"0.12, -0.03, 1.00","-0.37, -0.24, -0.18"
2025-02-07,14:23:20,"0.12, -0.03, 1.00","-0.37, -0.31, -0.18"
2025-02-07,14:23:20,"0.12, -0.03, 1.00","-0.37, -0.31, -0.18"
2025-02-07,14:23:21,"0.12, -0.03, 1.00","-0.37, -0.31, -0.18"
2025-02-07,14:23:21,"0.12, -0.03, 1.00","-0.37, -0.24, -0.18"
2025-02-07,14:23:22,"0.12, -0.03, 1.00","-0.37, -0.31, -0.18"
2025-02-07,14:23:22,"0.12, -0.03, 1.00","-0.31, -0.31, -0.18"
2025-02-07,14:23:23,"0.12, -0.03, 1.00","-0.37, -0.31, -0.18"
2025-02-07,14:23:23,"0.12, -0.03, 1.00","-0.37, -0.31, -0.18"
2025-02-07,14:23:24,"0.12, -0.03, 1.00","-0.37, -0.31, -0.18"
2025-02-07,14:23:24,"0.12, -0.03, 1.00","-0.37, -0.31, -0.18"
2025-02-07,14:23:25,"0.12, -0.03, 1.00","-0.37, -0.31, -0.18"
2025-02-07,14:23:25,"0.12, -0.03, 1.00","-0.37, -0.31, -0.18"
2025-02-07,14:23:26,"0.12, -0.03, 1.00","-0.37, -0.31, -0.18"
2025-02-07,14:23:26,"0.12, -0.03, 1.00","-0.43, -0.31, -0.18"
2025-02-07,14:23:27,"0.12, -0.03, 1.00","-0.31, -0.24, -0.18"
2025-02-07,14:23:27,"0.12, -0.03, 1.00","-0.37, -0.31, -0.18"
2025-02-07,14:23:28,"0.12, -0.03, 1.00","-0.37, -0.31, -0.18"
2025-02-07,14:23:28,"0.12, -0.03, 1.00","-0.37, -0.31, -0.18"
2025-02-07,14:23:29,"0.12, -0.03, 1.00","-0.37, -0.24, -0.18"
2025-02-07,14:23:29,"0.12, -0.03, 1.00","-0.37, -0.31, -0.18"
2025-02-07,14:23:30,"0.12, -0.03, 1.00","-0.37, -0.31, -0.18"
2025-02-07,14:23:30,"0.12, -0.03, 1.00","-0.37, -0.31, -0.18"
2025-02-07,14:23:31,"0.12, -0.03, 1.00","-0.37, -0.31, -0.18"
2025-02-07,14:23:31,"0.12, -0.03, 1.00","-0.37, -0.31, -0.18"
2025-02-07,14:23:32,"0.12, -0.03, 1.00","-0.37, -0.31, -0.18"
2025-02-07,14:23:32,"0.12, -0.03, 1.00","-0.37, -0.24, -0.18"
2025-02-07,14:23:33,"0.12, -0.03, 1.00","-0.37, -0.31, -0.18"
2025-02-07,14:23:33,"0.12, -0.03, 1.00","-0.37, -0.31, -0.24"
2025-02-07,14:23:34,"0.12, -0.03, 1.00","-0.31, -0.31, -0.18"
2025-02-07,14:23:34,"0.12, -0.03, 1.00","-0.37, -0.31, -0.18"
2025-02-07,14:23:35,"0.12, -0.03, 1.00","-0.37, -0.31, -0.18"
2025-02-07,14:23:35,"0.12, -0.03, 1.00","-0.37, -0.31, -0.18"
2025-02-07,14:23:36,"0.12, -0.03, 1.00","-0.43, -0.31, -0.18"
2025-02-07,14:23:36,"0.12, -0.03, 1.00","-0.37, -0.31, -0.18"
2025-02-07,14:23:37,"0.12, -0.03, 1.00","-0.37, -0.31, -0.18"
2025-02-07,14:23:37,"0.12, -0.03, 1.00","-0.37, -0.31, -0.18"
2025-02-07,14:23:38,"0.12, -0.03, 1.00","-0.37, -0.31, -0.18"
2025-02-07,14:23:38,"0.12, -0.03, 1.00","-0.31, -0.31, -0.18"
2025-02-07,14:23:39,"0.12, -0.03, 1.00","-0.37, -0.24, -0.24"
2025-02-07,14:23:39,"0.24, -0.42, 1.01","0.92, -4.27, -34.73"
2025-02-07,14:23:40,"-0.38, -0.38, 0.67","-12.82, 109.80, -40.95"
2025-02-07,14:23:40,"-0.52, -0.29, 0.71","-119.38, -97.53, 171.57"
2025-02-07,14:23:41,"-0.51, -1.24, 0.13","33.39, 89.84, -75.93"
2025-02-07,14:23:41,"-0.51, 0.23, 0.96","-20.69, -34.97, 63.60"
2025-02-07,14:23:42,"-0.06, -0.65, 0.74","0.37, -71.11, -59.88"
2025-02-07,14:23:42,"0.08, -0.34, 0.95","-69.52, -8.00, 1.10"
2025-02-07,14:23:43,"0.10, -0.24, 0.98","0.31, -0.24, -0.31"
2025-02-07,14:23:43,"0.10, -0.23, 0.98","0.18, -0.24, -0.24"
2025-02-07,14:23:44,"0.10, -0.23, 0.98","-0.18, -0.24, -0.18"
2025-02-07,14:23:44,"0.10, -0.23, 0.98","-0.18, -0.24, -0.24"
2025-02-07,14:23:45,"0.10, -0.23, 0.98","-0.31, -0.24, -0.24"
2025-02-07,14:23:45,"0.10, -0.23, 0.98","-0.24, -0.24, -0.18"
2025-02-07,14:23:46,"0.10, -0.23, 0.98","-0.18, -0.31, -0.24"
2025-02-07,14:23:46,"0.10, -0.23, 0.98","-0.43, -0.31, -0.24"
2025-02-07,14:23:47,"0.10, -0.22, 0.98","-0.37, -0.31, -0.18"
2025-02-07,14:23:47,"0.10, -0.22, 0.98","-0.31, -0.24, -0.24"
2025-02-07,14:23:48,"0.10, -0.22, 0.98","-0.43, -0.31, -0.18"
2025-02-07,14:23:48,"0.10, -0.22, 0.98","-0.24, -0.31, -0.18"
2025-02-07,14:23:49,"0.10, -0.22, 0.98","-0.31, -0.31, -0.24"
2025-02-07,14:23:49,"0.10, -0.22, 0.98","-0.06, -0.24, -0.24"
2025-02-07,14:23:50,"0.10, -0.22, 0.98","-0.24, -0.37, -0.18"
2025-02-07,14:23:50,"0.10, -0.22, 0.98","-0.43, -0.31, -0.18"
2025-02-07,14:23:51,"0.10, -0.22, 0.98","-0.31, -0.31, -0.24"
2025-02-07,14:23:51,"0.10, -0.22, 0.98","-0.31, -0.31, -0.18"
2025-02-07,14:23:52,"0.10, -0.22, 0.98","-0.31, -0.31, -0.18"
2025-02-07,14:23:52,"0.10, -0.22, 0.98","-0.49, -0.31, -0.18"
2025-02-07,14:23:53,"0.10, -0.22, 0.98","-0.24, -0.31, -0.24"
2025-02-07,14:23:53,"0.10, -0.22, 0.98","-0.49, -0.24, -0.24"
2025-02-07,14:23:54,"0.10, -0.22, 0.98","-0.49, -0.31, -0.18"
2025-02-07,14:23:54,"0.10, -0.22, 0.98","-0.43, -0.31, -0.18"
2025-02-07,14:23:55,"0.12, 0.05, 1.39","-75.74, 217.90, -49.13"
2025-02-07,14:23:55,"-0.26, -0.44, 1.54","-26.55, -112.43, 116.03"
2025-02-07,14:23:56,"-0.15, -0.61, 0.83","31.31, -50.60, -135.86"
2025-02-07,14:23:56,"0.11, -0.28, 0.97","10.44, 0.00, -0.92"
2025-02-07,14:23:57,"0.11, -0.17, 0.99","-0.06, -0.31, -0.24"
2025-02-07,14:23:57,"0.11, -0.17, 0.99","-0.24, -0.31, -0.24"
2025-02-07,14:23:58,"0.10, -0.16, 0.99","-0.24, -0.31, -0.18"
2025-02-07,14:23:58,"0.10, -0.16, 0.99","-0.06, -0.31, -0.24"
2025-02-07,14:23:59,"0.10, -0.16, 0.99","-0.31, -0.31, -0.18"
2025-02-07,14:23:59,"0.10, -0.16, 0.99","-0.31, -0.31, -0.18"
2025-02-07,14:24:00,"0.11, -0.16, 0.99","-0.43, -0.31, -0.18"
2025-02-07,14:24:00,"0.10, -0.16, 0.99","-0.43, -0.31, -0.18"
2025-02-07,14:24:01,"0.10, -0.16, 0.99","0.98, -0.24, -0.31"
2025-02-07,14:24:01,"0.10, -0.16, 0.99","-0.31, -0.31, -0.24"
2025-02-07,14:24:02,"0.11, -0.16, 0.99","-0.37, -0.31, -0.24"
2025-02-07,14:24:02,"0.10, -0.16, 0.99","-0.31, -0.31, -0.18"
2025-02-07,14:24:03,"0.10, -0.16, 0.99","-0.37, -0.31, -0.18"
2025-02-07,14:24:03,"0.10, -0.16, 0.99","-0.37, -0.24, -0.24"
2025-02-07,14:24:04,"0.10, -0.16, 0.99","-0.31, -0.31, -0.18"
2025-02-07,14:24:04,"0.11, -0.16, 0.99","-0.24, -0.31, -0.24"
2025-02-07,14:24:05,"0.10, -0.16, 0.99","-0.37, -0.31, -0.24"
2025-02-07,14:24:05,"0.10, -0.16, 0.99","-0.37, -0.31, -0.18"
2025-02-07,14:24:06,"0.11, -0.16, 0.99","-0.31, -0.31, -0.18"
2025-02-07,14:24:06,"0.11, -0.16, 0.99","-0.31, -0.31, -0.18"
2025-02-07,14:24:07,"0.10, -0.16, 0.99","-0.37, -0.31, -0.18"
2025-02-07,14:24:07,"0.11, -0.16, 0.99","-0.37, -0.31, -0.18"
2025-02-07,14:24:08,"0.10, -0.16, 0.99","-0.37, -0.31, -0.24"
2025-02-07,14:24:08,"0.10, -0.16, 0.99","-0.31, -0.31, -0.18"
2025-02-07,14:24:09,"0.11, -0.16, 0.99","-0.37, -0.31, -0.18"
2025-02-07,14:24:09,"0.10, -0.16, 0.99","-0.37, -0.31, -0.24"
2025-02-07,14:24:10,"0.10, -0.16, 0.99","-0.37, -0.31, -0.18"
2025-02-07,14:24:10,"0.10, -0.16, 0.99","-0.37, -0.24, -0.18"
2025-02-07,14:24:11,"0.11, -0.16, 0.99","-0.31, -0.31, -0.24"
2025-02-07,14:24:11,"0.10, -0.16, 0.99","-0.37, -0.31, -0.18"
2025-02-07,14:24:12,"0.10, -0.16, 0.99","-0.43, -0.24, -0.24"
2025-02-07,14:24:12,"0.10, -0.16, 0.99","-0.37, -0.24, -0.18"
2025-02-07,14:24:13,"0.10, -0.16, 0.99","-0.43, -0.31, -0.18"
2025-02-07,14:24:13,"0.11, -0.16, 0.99","-0.37, -0.31, -0.18"
2025-02-07,14:24:14,"0.10, -0.16, 0.99","-0.37, -0.31, -0.18"
2025-02-07,14:24:14,"0.11, -0.16, 1.00","-0.37, -0.31, -0.24"
2025-02-07,14:24:15,"0.10, -0.16, 1.00","-0.24, -0.31, -0.24"
2025-02-07,14:24:15,"0.11, -0.16, 0.99","-0.37, -0.24, -0.18"
2025-02-07,14:24:16,"0.10, -0.16, 0.99","-0.37, -0.31, -0.18"
2025-02-07,14:24:16,"0.11, -0.16, 0.99","-0.43, -0.24, -0.18"
2025-02-07,14:24:17,"0.10, -0.16, 0.99","-0.31, -0.31, -0.18"
2025-02-07,14:24:17,"0.10, -0.16, 1.00","-0.31, -0.24, -0.18"
2025-02-07,14:24:18,"0.11, -0.16, 0.99","-0.37, -0.31, -0.18"
2025-02-07,14:24:18,"0.10, -0.16, 0.99","-0.43, -0.31, -0.24"
2025-02-07,14:24:19,"0.11, -0.16, 0.99","-0.37, -0.31, -0.18"
2025-02-07,14:24:19,"0.10, -0.16, 0.99","-0.37, -0.24, -0.24"
2025-02-07,14:24:20,"0.10, -0.16, 0.99","-0.37, -0.31, -0.24"
2025-02-07,14:24:20,"0.10, -0.16, 0.99","-0.37, -0.31, -0.24"
2025-02-07,14:24:21,"0.10, -0.16, 1.00","-0.37, -0.31, -0.18"
2025-02-07,14:24:21,"0.11, -0.16, 1.00","-0.37, -0.31, -0.18"
2025-02-07,14:24:22,"0.11, -0.16, 0.99","-0.31, -0.31, -0.24"
2025-02-07,14:24:22,"0.10, -0.16, 0.99","-0.37, -0.31, -0.18"
2025-02-07,14:24:23,"0.10, -0.16, 0.99","-0.31, -0.31, -0.24"
2025-02-07,14:24:23,"0.10, -0.16, 0.99","-0.37, -0.31, -0.18"
2025-02-07,14:24:24,"0.10, -0.16, 0.99","-0.37, -0.24, -0.24"
2025-02-07,14:24:24,"0.10, -0.16, 0.99","-0.43, -0.24, -0.18"
2025-02-07,14:24:25,"0.10, -0.16, 0.99","-0.31, -0.31, -0.24"
2025-02-07,14:24:25,"0.10, -0.16, 0.99","-0.37, -0.31, -0.18"
2025-02-07,14:24:26,"0.10, -0.16, 0.99","-0.37, -0.31, -0.18"
2025-02-07,14:24:26,"0.10, -0.16, 0.99","-0.49, -0.31, -0.24"
2025-02-07,14:24:27,"0.10, -0.16, 0.99","-0.37, -0.31, -0.24"
2025-02-07,14:24:27,"0.10, -0.15, 0.99","-0.49, -0.31, -0.24"
2025-02-07,14:24:28,"0.10, -0.16, 0.99","-0.43, -0.31, -0.18"
2025-02-07,14:24:28,"0.10, -0.15, 0.99","-0.24, -0.31, -0.24"
2025-02-07,14:24:29,"0.10, -0.16, 0.99","-0.43, -0.24, -0.18"
2025-02-07,14:24:29,"0.10, -0.16, 0.99","-0.43, -0.24, -0.18"
2025-02-07,14:24:30,"0.11, -0.16, 0.99","-0.31, -0.24, -0.24"
2025-02-07,14:24:30,"0.14, -0.57, 0.97","-15.69, -10.62, 18.25"
2025-02-07,14:24:31,"0.74, -1.59, 0.24","-136.66, -126.16, 367.31"
2025-02-07,14:24:31,"-0.43, -0.22, 0.88","-30.27, 5.07, -17.52"
2025-02-07,14:24:32,"0.24, -0.26, -0.31","54.75, 158.20, 18.31"
2025-02-07,14:24:32,"0.62, -0.46, -1.04","64.33, 149.29, 25.82"
2025-02-07,14:24:33,"-0.40, -0.00, 1.21","11.96, -19.78, -85.14"
2025-02-07,14:24:33,"-0.14, -0.24, 1.03","-57.68, 7.87, 12.33"
2025-02-07,14:24:34,"0.01, 0.90, 0.76","253.36, 255.07, -1.77"
2025-02-07,14:24:34,"-0.02, -0.87, 0.53","-65.06, -108.83, -90.70"
2025-02-07,14:24:35,"0.03, -0.14, 0.92","-150.70, -73.06, 41.26"
2025-02-07,14:24:35,"0.21, -0.11, 0.98","3.60, 0.24, -0.85"
2025-02-07,14:24:36,"0.21, -0.09, 0.99","0.43, -0.18, -0.31"
2025-02-07,14:24:36,"0.21, -0.09, 0.99","0.18, -0.24, -0.24"
2025-02-07,14:24:37,"0.21, -0.09, 0.99","-0.06, -0.24, -0.24"
2025-02-07,14:24:37,"0.21, -0.08, 0.99","-0.18, -0.24, -0.18"
2025-02-07,14:24:38,"0.21, -0.08, 0.99","-0.37, -0.31, -0.24"
2025-02-07,14:24:38,"0.21, -0.08, 0.99","-0.12, -0.24, -0.24"
2025-02-07,14:24:39,"0.21, -0.08, 0.99","-0.43, -0.31, -0.24"
2025-02-07,14:24:39,"0.21, -0.08, 0.99","-0.37, -0.24, -0.18"
2025-02-07,14:24:40,"0.21, -0.08, 0.99","-0.31, -0.24, -0.18"
2025-02-07,14:24:40,"0.21, -0.08, 0.99","-0.37, -0.31, -0.24"
2025-02-07,14:24:41,"0.21, -0.08, 0.99","-0.24, -0.24, -0.24"
2025-02-07,14:24:41,"0.21, -0.08, 0.99","-0.31, -0.31, -0.24"
2025-02-07,14:24:42,"0.21, -0.08, 0.99","-0.24, -0.31, -0.24"
2025-02-07,14:24:42,"0.21, -0.08, 0.99","-0.37, -0.31, -0.24"
2025-02-07,14:24:43,"0.21, -0.08, 0.99","-0.37, -0.31, -0.24"
2025-02-07,14:24:43,"0.21, -0.08, 0.99","-0.37, -0.31, -0.18"
2025-02-07,14:24:44,"0.21, -0.08, 0.99","-0.37, -0.24, -0.24"
2025-02-07,14:24:44,"0.21, -0.08, 0.99","-0.43, -0.24, -0.24"
2025-02-07,14:24:45,"0.21, -0.08, 0.99","-0.37, -0.31, -0.24"
2025-02-07,14:24:45,"0.21, -0.08, 0.99","-0.37, -0.31, -0.24"
2025-02-07,14:24:46,"0.21, -0.08, 0.99","-0.24, -0.31, -0.24"
2025-02-07,14:24:46,"0.21, -0.08, 0.99","-0.37, -0.31, -0.18"
2025-02-07,14:24:47,"0.21, -0.08, 0.99","-0.37, -0.31, -0.18"
2025-02-07,14:24:47,"0.21, -0.08, 0.99","-0.31, -0.24, -0.18"
2025-02-07,14:24:48,"0.21, -0.08, 0.99","-0.31, -0.31, -0.18"
2025-02-07,14:24:48,"0.21, -0.08, 0.99","-0.37, -0.24, -0.24"
2025-02-07,14:24:49,"0.21, -0.08, 0.99","-0.43, -0.31, -0.24"
2025-02-07,14:24:49,"0.21, -0.08, 0.99","-0.43, -0.31, -0.18"
2025-02-07,14:24:50,"0.21, -0.08, 0.99","-0.31, -0.24, -0.18"
2025-02-07,14:24:50,"0.21, -0.08, 0.99","-0.37, -0.31, -0.18"
2025-02-07,14:24:51,"0.21, -0.08, 0.99","-0.37, -0.31, -0.18"
2025-02-07,14:24:51,"0.21, -0.08, 0.99","-0.37, -0.31, -0.24"
2025-02-07,14:24:52,"0.21, -0.08, 0.99","-0.31, -0.31, -0.18"
2025-02-07,14:24:52,"0.21, -0.08, 0.99","-0.31, -0.31, -0.18"
2025-02-07,14:24:53,"0.21, -0.08, 0.99","-0.37, -0.24, -0.24"
2025-02-07,14:24:53,"0.21, -0.08, 0.99","-0.43, -0.24, -0.24"
2025-02-07,14:24:54,"0.21, -0.08, 0.99","-0.37, -0.31, -0.18"
2025-02-07,14:24:54,"0.21, -0.08, 0.99","-0.37, -0.31, -0.18"
2025-02-07,14:24:55,"0.21, -0.08, 0.99","-0.37, -0.31, -0.18"
2025-02-07,14:24:55,"0.21, -0.08, 0.99","-0.37, -0.31, -0.18"
2025-02-07,14:24:56,"0.21, -0.07, 0.98","-0.31, -0.31, -0.18"
2025-02-07,14:24:56,"0.21, -0.08, 0.98","-0.37, -0.31, -0.24"
2025-02-07,14:24:57,"0.21, -0.08, 0.98","-0.31, -0.31, -0.24"
2025-02-07,14:24:57,"0.21, -0.08, 0.98","-0.37, -0.24, -0.24"
2025-02-07,14:24:58,"0.21, -0.08, 0.98","-0.31, -0.31, -0.18"
2025-02-07,14:24:58,"0.21, -0.08, 0.99","-0.37, -0.31, -0.24"
2025-02-07,14:24:59,"0.21, -0.08, 0.98","-0.43, -0.31, -0.18"
2025-02-07,14:24:59,"0.21, -0.08, 0.99","-0.37, -0.31, -0.24"
2025-02-07,14:25:00,"0.21, -0.07, 0.98","-0.43, -0.31, -0.18"
2025-02-07,14:25:00,"0.21, -0.08, 0.99","-0.31, -0.31, -0.24"
2025-02-07,14:25:01,"0.21, -0.08, 0.99","-0.37, -0.24, -0.18"
2025-02-07,14:25:01,"0.21, -0.08, 0.99","-0.37, -0.31, -0.18"
2025-02-07,14:25:02,"0.21, -0.08, 0.99","-0.31, -0.31, -0.18"
2025-02-07,14:25:02,"0.21, -0.08, 0.99","-0.31, -0.31, -0.24"
2025-02-07,14:25:03,"0.21, -0.08, 0.99","-0.37, -0.24, -0.18"
2025-02-07,14:25:03,"0.21, -0.08, 0.99","-0.37, -0.31, -0.24"
2025-02-07,14:25:04,"0.21, -0.08, 0.99","-0.37, -0.24, -0.24"
2025-02-07,14:25:04,"0.21, -0.08, 0.99","-0.37, -0.31, -0.24"
2025-02-07,14:25:05,"0.21, -0.08, 0.99","-0.37, -0.31, -0.18"
2025-02-07,14:25:05,"0.21, -0.08, 0.99","-0.37, -0.31, -0.18"
2025-02-07,14:25:06,"0.21, -0.08, 0.99","-0.37, -0.24, -0.18"
2025-02-07,14:25:06,"0.21, -0.08, 0.99","-0.37, -0.31, -0.18"
2025-02-07,14:25:07,"0.21, -0.07, 0.99","-0.31, -0.31, -0.18"
2025-02-07,14:25:07,"0.21, -0.08, 0.99","-0.37, -0.31, -0.24"
2025-02-07,14:25:08,"0.21, -0.07, 0.99","-0.31, -0.31, -0.18"
2025-02-07,14:25:08,"0.21, -0.08, 0.99","-0.37, -0.31, -0.24"
2025-02-07,14:25:09,"0.21, -0.07, 0.99","-0.37, -0.31, -0.24"
2025-02-07,14:25:09,"0.21, -0.07, 0.99","-0.43, -0.31, -0.24"
2025-02-07,14:25:10,"0.21, -0.07, 0.99","-0.43, -0.31, -0.18"
2025-02-07,14:25:10,"0.21, -0.07, 0.99","-0.31, -0.31, -0.18"
2025-02-07,14:25:11,"0.21, -0.08, 0.99","-0.37, -0.24, -0.18"
2025-02-07,14:25:11,"0.21, -0.08, 0.99","-0.43, -0.31, -0.18"
2025-02-07,14:25:12,"0.21, -0.07, 0.99","-0.31, -0.31, -0.24"
2025-02-07,14:25:12,"0.21, -0.07, 0.99","-0.31, -0.31, -0.18"
2025-02-07,14:25:13,"0.21, -0.08, 0.99","-0.37, -0.31, -0.24"
2025-02-07,14:25:13,"0.21, -0.07, 0.99","-0.37, -0.31, -0.24"
2025-02-07,14:25:14,"0.21, -0.08, 0.99","-0.43, -0.31, -0.24"
2025-02-07,14:25:14,"0.21, -0.07, 0.99","-0.37, -0.31, -0.24"
2025-02-07,14:25:15,"0.21, -0.08, 0.99","-0.37, -0.24, -0.18"
2025-02-07,14:25:15,"0.21, -0.07, 0.99","-0.43, -0.31, -0.18"
2025-02-07,14:25:16,"0.21, -0.08, 0.99","-0.37, -0.31, -0.18"
2025-02-07,14:25:16,"0.21, -0.08, 0.99","-0.31, -0.24, -0.18"
2025-02-07,14:25:17,"0.21, -0.08, 0.99","-0.31, -0.31, -0.18"
2025-02-07,14:25:17,"0.21, -0.07, 0.99","-0.37, -0.31, -0.24"
2025-02-07,14:25:18,"0.21, -0.07, 0.99","-0.31, -0.31, -0.18"
2025-02-07,14:25:18,"0.21, -0.07, 0.99","-0.37, -0.24, -0.24"
2025-02-07,14:25:19,"0.21, -0.07, 0.99","-0.37, -0.31, -0.24"
2025-02-07,14:25:19,"0.21, -0.08, 0.99","-0.43, -0.31, -0.24"
2025-02-07,14:25:20,"0.21, -0.08, 0.99","-0.43, -0.24, -0.18"
2025-02-07,14:25:20,"0.21, -0.08, 0.99","-0.37, -0.31, -0.18"
2025-02-07,14:25:21,"0.21, -0.07, 0.99","-0.37, -0.31, -0.18"
2025-02-07,14:25:21,"0.21, -0.07, 0.99","-0.37, -0.31, -0.24"
2025-02-07,14:25:22,"0.21, -0.08, 0.99","-0.31, -0.31, -0.18"
2025-02-07,14:25:22,"0.21, -0.07, 0.99","-0.31, -0.31, -0.24"
2025-02-07,14:25:23,"0.21, -0.08, 0.99","-0.31, -0.31, -0.24"
2025-02-07,14:25:23,"0.21, -0.07, 0.99","-0.37, -0.31, -0.24"
2025-02-07,14:25:24,"0.21, -0.07, 0.99","-0.37, -0.31, -0.18"
2025-02-07,14:25:24,"0.21, -0.07, 0.99","-0.37, -0.24, -0.18"
2025-02-07,14:25:25,"0.21, -0.07, 0.99","-0.37, -0.31, -0.24"
2025-02-07,14:25:25,"0.21, -0.07, 0.99","-0.37, -0.31, -0.24"
2025-02-07,14:25:26,"0.21, -0.07, 0.99","-0.37, -0.31, -0.18"
2025-02-07,14:25:26,"0.21, -0.07, 0.99","-0.37, -0.24, -0.24"
2025-02-07,14:25:27,"0.21, -0.07, 0.99","-0.37, -0.31, -0.24"
2025-02-07,14:25:27,"0.21, -0.08, 0.99","-0.37, -0.31, -0.18"
2025-02-07,14:25:28,"0.21, -0.07, 0.99","-0.43, -0.24, -0.18"
2025-02-07,14:25:28,"0.21, -0.07, 0.99","-0.37, -0.31, -0.18"
2025-02-07,14:25:29,"0.21, -0.07, 0.99","-0.37, -0.24, -0.18"
2025-02-07,14:25:29,"0.21, -0.07, 0.99","-0.43, -0.31, -0.18"
2025-02-07,14:25:30,"0.21, -0.07, 0.99","-0.37, -0.31, -0.18"
2025-02-07,14:25:30,"0.21, -0.07, 0.99","-0.31, -0.31, -0.24"
2025-02-07,14:25:31,"0.21, -0.07, 0.99","-0.31, -0.31, -0.18"
2025-02-07,14:25:31,"0.21, -0.07, 0.99","-0.37, -0.31, -0.24"
2025-02-07,14:25:32,"0.21, -0.07, 0.99","-0.31, -0.24, -0.18"
2025-02-07,14:25:32,"0.21, -0.07, 0.99","-0.31, -0.31, -0.18"
2025-02-07,14:25:33,"0.21, -0.07, 0.99","-0.37, -0.24, -0.18"
2025-02-07,14:25:33,"0.21, -0.08, 0.99","-0.37, -0.31, -0.18"
2025-02-07,14:25:34,"0.21, -0.07, 0.99","-0.37, -0.24, -0.18"
2025-02-07,14:25:34,"0.21, -0.07, 0.99","-0.37, -0.31, -0.18"
2025-02-07,14:25:35,"0.21, -0.08, 0.99","-0.31, -0.24, -0.18"
2025-02-07,14:25:35,"0.21, -0.08, 0.99","-0.37, -0.31, -0.24"
2025-02-07,14:25:36,"0.21, -0.07, 0.99","-0.37, -0.31, -0.18"
2025-02-07,14:25:36,"0.21, -0.07, 0.99","-0.31, -0.31, -0.24"
2025-02-07,14:25:37,"0.21, -0.07, 0.99","-0.37, -0.31, -0.24"
2025-02-07,14:25:37,"0.21, -0.07, 0.99","-0.43, -0.31, -0.18"
2025-02-07,14:25:38,"0.21, -0.07, 0.99","-0.43, -0.31, -0.18"
2025-02-07,14:25:38,"0.21, -0.08, 0.99","-0.37, -0.24, -0.18"
2025-02-07,14:25:39,"0.21, -0.07, 0.99","-0.43, -0.24, -0.18"
2025-02-07,14:25:39,"0.21, -0.07, 0.99","-0.37, -0.31, -0.18"
2025-02-07,14:25:40,"0.21, -0.07, 0.99","-0.37, -0.24, -0.24"
2025-02-07,14:25:40,"0.21, -0.07, 0.99","-0.37, -0.31, -0.24"
2025-02-07,14:25:41,"0.21, -0.07, 0.99","-0.31, -0.31, -0.18"
2025-02-07,14:25:41,"0.21, -0.07, 0.99","-0.37, -0.31, -0.18"
2025-02-07,14:25:42,"0.21, -0.07, 0.99","-0.43, -0.31, -0.18"
2025-02-07,14:25:42,"0.21, -0.07, 0.99","-0.31, -0.31, -0.18"
2025-02-07,14:25:43,"0.21, -0.07, 0.99","-0.37, -0.31, -0.18"
2025-02-07,14:25:43,"0.21, -0.07, 0.99","-0.37, -0.31, -0.24"
2025-02-07,14:25:44,"0.21, -0.07, 0.99","-0.43, -0.24, -0.24"
2025-02-07,14:25:44,"0.21, -0.07, 0.99","-0.37, -0.31, -0.24"
2025-02-07,14:25:45,"0.21, -0.07, 0.99","-0.37, -0.31, -0.24"
2025-02-07,14:25:45,"0.21, -0.07, 0.99","-0.31, -0.24, -0.24"
2025-02-07,14:25:46,"0.21, -0.07, 0.99","-0.37, -0.31, -0.18"
2025-02-07,14:25:46,"0.21, -0.07, 0.99","-0.37, -0.31, -0.18"
2025-02-07,14:25:47,"0.21, -0.08, 0.99","-0.37, -0.31, -0.24"
2025-02-07,14:25:47,"0.21, -0.07, 0.99","-0.37, -0.24, -0.24"
2025-02-07,14:25:48,"0.21, -0.08, 0.99","-0.43, -0.24, -0.24"
2025-02-07,14:25:48,"0.21, -0.07, 0.99","-0.37, -0.24, -0.18"
2025-02-07,14:25:49,"0.21, -0.07, 0.99","-0.37, -0.24, -0.18"
2025-02-07,14:25:49,"0.21, -0.08, 0.99","-0.37, -0.31, -0.24"
2025-02-07,14:25:50,"0.21, -0.07, 0.99","-0.37, -0.31, -0.24"
2025-02-07,14:25:50,"0.21, -0.07, 0.99","-0.43, -0.31, -0.24"
2025-02-07,14:25:51,"0.21, -0.07, 0.99","-0.37, -0.31, -0.18"
2025-02-07,14:25:51,"0.21, -0.07, 0.99","-0.31, -0.31, -0.24"
2025-02-07,14:25:52,"0.21, -0.07, 0.99","-0.37, -0.31, -0.18"
2025-02-07,14:25:52,"0.21, -0.07, 0.99","-0.43, -0.31, -0.24"
2025-02-07,14:25:53,"0.21, -0.07, 0.99","-0.49, -0.24, -0.18"
2025-02-07,14:25:53,"0.21, -0.07, 0.99","-0.31, -0.31, -0.18"
2025-02-07,14:25:54,"0.21, -0.07, 0.99","-0.37, -0.31, -0.24"
2025-02-07,14:25:54,"0.21, -0.07, 0.99","-0.37, -0.31, -0.18"
2025-02-07,14:25:55,"0.21, -0.07, 0.99","-0.37, -0.31, -0.24"
2025-02-07,14:25:55,"0.21, -0.07, 0.99","-0.55, -0.24, -0.18"
2025-02-07,14:25:56,"0.21, -0.07, 0.99","-1.46, -0.49, 0.06"
2025-02-07,14:25:56,"0.44, -0.02, 1.37","-69.09, 166.26, 80.26"
2025-02-07,14:25:57,"0.60, -1.29, 0.13","147.64, -192.26, 195.07"
2025-02-07,14:25:57,"-0.17, -0.05, 0.93","-7.87, 3.72, -75.99"
2025-02-07,14:25:58,"-0.01, 0.02, 0.19","-15.14, 276.67, 88.81"
2025-02-07,14:25:58,"0.28, -0.10, 0.75","53.89, -47.49, -86.00"
2025-02-07,14:25:59,"0.31, -0.02, 0.95","-3.54, 10.99, 15.50"
2025-02-07,14:25:59,"0.23, -0.04, 0.98","-0.31, -0.24, -0.31"
2025-02-07,14:26:00,"0.22, -0.04, 0.98","-0.37, -0.31, -0.24"
2025-02-07,14:26:00,"0.22, -0.04, 0.98","-0.37, -0.24, -0.24"
2025-02-07,14:26:01,"0.22, -0.04, 0.99","-0.37, -0.24, -0.24"
2025-02-07,14:26:01,"0.22, -0.04, 0.99","-0.37, -0.24, -0.18"
2025-02-07,14:26:02,"0.22, -0.04, 0.98","-0.37, -0.31, -0.24"
2025-02-07,14:26:02,"0.23, -0.04, 0.98","-0.37, -0.24, -0.24"
2025-02-07,14:26:03,"0.23, -0.04, 0.98","-0.37, -0.18, -0.24"
2025-02-07,14:26:03,"0.22, -0.04, 0.98","-0.37, -0.24, -0.18"
2025-02-07,14:26:04,"0.22, -0.04, 0.98","-0.37, -0.24, -0.24"
2025-02-07,14:26:04,"0.22, -0.04, 0.98","-0.31, -0.24, -0.24"
2025-02-07,14:26:05,"0.22, -0.04, 0.98","-0.24, -0.24, -0.31"
2025-02-07,14:26:05,"0.22, -0.04, 0.98","-0.37, -0.31, -0.18"
2025-02-07,14:26:06,"0.22, -0.03, 0.99","-0.73, -0.49, 0.06"
2025-02-07,14:26:06,"0.23, -0.04, 0.99","-0.24, -0.18, -0.31"
2025-02-07,14:26:07,"0.60, -0.11, 1.01","125.49, 155.70, 4.09"
2025-02-07,14:26:07,"-0.08, -0.24, -1.13","218.63, 3.42, -16.17"
2025-02-07,14:26:08,"0.15, -1.02, 0.09","128.85, 35.16, -9.03"
2025-02-07,14:26:08,"-0.14, -0.64, -0.72","-941.71, -149.54, 141.36"
2025-02-07,14:26:09,"-0.47, -0.13, -1.91","-89.78, -15.38, -27.10"
2025-02-07,14:26:09,"-0.10, -0.50, -0.71","531.19, 89.97, -99.49"
2025-02-07,14:26:10,"-0.01, -1.31, 0.09","-805.97, -48.58, 169.25"
2025-02-07,14:26:10,"-0.20, 0.35, -0.17","481.75, 133.18, -46.08"
2025-02-07,14:26:11,"0.08, -1.26, -0.76","-1952.58, -269.53, 174.50"
2025-02-07,14:26:11,"-0.21, 0.39, -0.35","330.69, -95.64, 16.97"
2025-02-07,14:26:12,"-0.31, 0.36, -0.74","355.77, 44.92, -23.68"
2025-02-07,14:26:12,"0.11, -0.62, 1.41","-1370.06, -101.62, 197.69"
2025-02-07,14:26:13,"-0.05, -0.27, -0.69","1523.56, 20.51, -246.09"
2025-02-07,14:26:13,"-0.06, -0.01, -0.95","320.80, 7.32, -24.17"
2025-02-07,14:26:14,"0.62, -1.92, 1.34","-1911.74, -259.34, 241.94"
2025-02-07,14:26:14,"-0.05, -1.06, 0.76","209.66, -53.28, -33.63"
2025-02-07,14:26:15,"0.33, -0.82, 0.82","-30.46, 3.66, -10.19"
2025-02-07,14:26:15,"1.44, -1.43, 1.64","-40.47, 234.37, 113.83"
2025-02-07,14:26:16,"1.03, -0.79, 1.08","30.58, -303.28, -442.44"
2025-02-07,14:26:16,"0.51, -0.37, 0.66","63.54, 19.47, -63.66"
2025-02-07,14:26:17,"0.40, -0.15, 0.82","-0.37, -25.88, 0.79"
2025-02-07,14:26:17,"0.72, -0.53, 0.49","-5.25, 31.01, 23.50"
2025-02-07,14:26:18,"0.78, -0.95, 1.43","76.60, 21.91, -32.10"
2025-02-07,14:26:18,"0.98, -0.39, 1.81","16.36, -318.05, -194.21"
2025-02-07,14:26:19,"0.32, -0.60, 0.85","41.69, -8.85, -11.05"
2025-02-07,14:26:19,"1.26, 2.97, 1.12","1.53, -51.09, 116.94"
2025-02-07,14:26:20,"0.13, -0.71, 0.74","-9.09, -24.29, 2.69"
2025-02-07,14:26:20,"1.73, 2.74, 2.31","-260.44, 48.71, -116.88"
2025-02-07,14:26:21,"0.31, -0.75, 0.25","102.54, -122.86, -2.75"
2025-02-07,14:26:21,"1.24, -0.99, 2.30","-13.73, 407.90, 307.50"
2025-02-07,14:26:22,"0.31, 0.13, 0.79","-124.21, 5.07, 35.22"
2025-02-07,14:26:22,"0.38, 0.01, 0.99","39.00, 56.09, -8.30"
2025-02-07,14:26:23,"0.29, -0.00, 0.97","-0.12, 0.12, -0.67"
2025-02-07,14:26:23,"0.29, -0.01, 0.97","-0.31, -0.24, -0.18"
2025-02-07,14:26:24,"0.29, -0.01, 0.97","-0.37, -0.31, -0.24"
2025-02-07,14:26:24,"0.29, -0.01, 0.97","-0.37, -0.31, -0.18"
2025-02-07,14:26:25,"0.29, -0.01, 0.97","-0.37, -0.24, -0.24"
2025-02-07,14:26:25,"0.29, -0.01, 0.97","-0.37, -0.31, -0.18"
2025-02-07,14:26:26,"0.29, -0.01, 0.97","-0.31, -0.24, -0.24"
2025-02-07,14:26:26,"0.29, -0.01, 0.97","-0.37, -0.24, -0.24"
2025-02-07,14:26:27,"0.29, -0.01, 0.97","-0.37, -0.31, -0.18"
2025-02-07,14:26:27,"0.29, -0.01, 0.97","-0.37, -0.31, -0.18"
2025-02-07,14:26:28,"0.29, -0.01, 0.97","-0.37, -0.24, -0.24"
2025-02-07,14:26:28,"0.29, -0.01, 0.97","-0.31, -0.31, -0.24"
2025-02-07,14:26:29,"0.29, -0.01, 0.97","-0.31, -0.31, -0.24"
2025-02-07,14:26:29,"0.29, -0.01, 0.97","-0.37, -0.24, -0.18"
2025-02-07,14:26:30,"0.29, -0.01, 0.97","-0.37, -0.31, -0.18"
2025-02-07,14:26:30,"0.29, -0.01, 0.97","-0.31, -0.31, -0.24"
2025-02-07,14:26:31,"0.29, -0.01, 0.97","-0.37, -0.31, -0.18"
2025-02-07,14:26:31,"0.29, -0.01, 0.97","-0.37, -0.24, -0.18"
2025-02-07,14:26:32,"0.29, -0.01, 0.97","-0.37, -0.31, -0.18"
2025-02-07,14:26:32,"0.29, -0.01, 0.97","-0.37, -0.24, -0.18"
2025-02-07,14:26:33,"0.29, -0.01, 0.97","-0.37, -0.31, -0.18"
2025-02-07,14:26:33,"0.29, -0.01, 0.97","-0.37, -0.31, -0.24"
2025-02-07,14:26:34,"0.29, -0.01, 0.97","-0.37, -0.31, -0.18"
2025-02-07,14:26:34,"0.29, -0.01, 0.97","-0.37, -0.31, -0.18"
2025-02-07,14:26:35,"0.29, -0.01, 0.97","-0.37, -0.31, -0.24"
2025-02-07,14:26:35,"0.29, -0.01, 0.97","-0.37, -0.37, -0.18"
2025-02-07,14:26:36,"0.29, -0.01, 0.97","-0.37, -0.31, -0.18"
2025-02-07,14:26:36,"0.29, -0.01, 0.97","-0.43, -0.31, -0.18"
2025-02-07,14:26:37,"0.29, -0.01, 0.97","-0.37, -0.31, -0.18"
2025-02-07,14:26:37,"0.29, -0.01, 0.97","-0.37, -0.31, -0.24"
2025-02-07,14:26:38,"0.29, -0.01, 0.97","-0.37, -0.31, -0.18"
2025-02-07,14:26:38,"0.29, -0.01, 0.97","-0.37, -0.31, -0.24"
2025-02-07,14:26:39,"0.29, -0.01, 0.97","-0.37, -0.31, -0.18"
2025-02-07,14:26:39,"0.29, -0.01, 0.97","-0.37, -0.31, -0.18"
2025-02-07,14:26:40,"0.29, -0.01, 0.97","-0.37, -0.31, -0.18"
2025-02-07,14:26:40,"0.29, -0.01, 0.97","-0.31, -0.31, -0.24"
2025-02-07,14:26:41,"0.29, -0.01, 0.97","-0.31, -0.31, -0.18"
2025-02-07,14:26:41,"0.29, -0.01, 0.97","-0.37, -0.31, -0.24"
2025-02-07,14:26:42,"0.29, -0.01, 0.97","-0.37, -0.31, -0.18"
2025-02-07,14:26:42,"0.29, -0.01, 0.97","-0.37, -0.31, -0.18"
2025-02-07,14:26:43,"0.29, -0.01, 0.97","-0.37, -0.24, -0.18"
2025-02-07,14:26:43,"0.29, -0.01, 0.97","-0.37, -0.31, -0.24"
2025-02-07,14:26:44,"0.29, -0.01, 0.97","-0.37, -0.31, -0.18"
2025-02-07,14:26:45,"0.29, -0.01, 0.97","-0.37, -0.31, -0.18"
2025-02-07,14:26:45,"0.29, -0.01, 0.97","-0.37, -0.24, -0.18"
2025-02-07,14:26:46,"0.29, -0.01, 0.97","-0.37, -0.31, -0.18"
2025-02-07,14:26:46,"0.29, -0.01, 0.97","-0.37, -0.31, -0.24"
2025-02-07,14:26:47,"0.29, -0.01, 0.97","-0.31, -0.24, -0.18"
2025-02-07,14:26:47,"0.29, -0.01, 0.97","-0.37, -0.31, -0.18"
2025-02-07,14:26:48,"0.29, -0.01, 0.97","-0.37, -0.31, -0.18"
2025-02-07,14:26:48,"0.29, -0.01, 0.97","-0.37, -0.24, -0.18"
2025-02-07,14:26:49,"0.29, -0.01, 0.97","-0.37, -0.31, -0.12"
2025-02-07,14:26:49,"0.29, -0.01, 0.97","-0.37, -0.31, -0.18"
2025-02-07,14:26:50,"0.29, -0.01, 0.97","-0.37, -0.31, -0.18"
2025-02-07,14:26:50,"0.29, -0.01, 0.97","-0.37, -0.31, -0.18"
2025-02-07,14:26:51,"0.29, -0.01, 0.97","-0.37, -0.31, -0.18"
2025-02-07,14:26:51,"0.29, -0.01, 0.97","-0.31, -0.31, -0.18"
2025-02-07,14:26:52,"0.29, -0.01, 0.97","-0.37, -0.31, -0.18"
2025-02-07,14:26:52,"0.29, -0.01, 0.97","-0.37, -0.31, -0.24"
2025-02-07,14:26:53,"0.29, -0.01, 0.97","-0.37, -0.31, -0.18"
2025-02-07,14:26:53,"0.29, -0.01, 0.97","-0.37, -0.24, -0.18"
2025-02-07,14:26:54,"0.29, -0.01, 0.97","-0.37, -0.31, -0.18"
2025-02-07,14:26:54,"0.29, -0.01, 0.97","-0.37, -0.24, -0.24"
2025-02-07,14:26:55,"0.29, -0.01, 0.97","-0.37, -0.31, -0.18"
2025-02-07,14:26:55,"0.29, -0.01, 0.97","-0.37, -0.31, -0.18"
2025-02-07,14:26:56,"0.29, -0.01, 0.97","-0.37, -0.31, -0.18"
2025-02-07,14:26:56,"0.29, -0.01, 0.97","-0.37, -0.31, -0.18"
2025-02-07,14:26:57,"0.29, -0.01, 0.97","-0.31, -0.31, -0.18"
2025-02-07,14:26:57,"0.29, -0.01, 0.97","-0.37, -0.31, -0.24"
2025-02-07,14:26:58,"0.29, -0.01, 0.97","-0.37, -0.31, -0.18"
2025-02-07,14:26:58,"0.29, -0.01, 0.97","-0.37, -0.31, -0.24"
2025-02-07,14:26:59,"0.29, -0.01, 0.97","-0.37, -0.31, -0.24"
2025-02-07,14:26:59,"0.29, -0.01, 0.97","-0.37, -0.24, -0.18"
2025-02-07,14:27:00,"0.29, -0.01, 0.97","-0.43, -0.31, -0.18"
2025-02-07,14:27:00,"0.29, -0.01, 0.97","-0.37, -0.24, -0.18"
2025-02-07,14:27:01,"0.29, -0.01, 0.97","-0.37, -0.24, -0.24"
2025-02-07,14:27:01,"0.29, -0.01, 0.97","-0.31, -0.24, -0.18"
2025-02-07,14:27:02,"0.29, -0.01, 0.97","-0.37, -0.31, -0.18"
2025-02-07,14:27:02,"0.29, -0.01, 0.97","-0.31, -0.31, -0.18"
2025-02-07,14:27:03,"0.29, -0.01, 0.97","-0.31, -0.31, -0.18"
2025-02-07,14:27:03,"0.29, -0.01, 0.97","-0.37, -0.31, -0.18"
2025-02-07,14:27:04,"0.29, -0.01, 0.97","-0.43, -0.31, -0.18"
2025-02-07,14:27:04,"0.29, -0.01, 0.97","-0.37, -0.31, -0.18"
2025-02-07,14:27:05,"0.29, -0.01, 0.97","-0.37, -0.31, -0.18"
2025-02-07,14:27:05,"0.29, -0.01, 0.97","-0.37, -0.31, -0.18"
2025-02-07,14:27:06,"0.29, -0.01, 0.97","-0.37, -0.31, -0.24"
2025-02-07,14:27:06,"0.29, -0.01, 0.97","-0.37, -0.31, -0.18"
2025-02-07,14:27:07,"0.29, -0.01, 0.97","-0.37, -0.24, -0.18"
2025-02-07,14:27:07,"0.29, -0.01, 0.97","-0.37, -0.24, -0.18"
2025-02-07,14:27:08,"0.29, -0.01, 0.97","-0.37, -0.24, -0.18"
2025-02-07,14:27:08,"0.29, -0.01, 0.97","-0.37, -0.31, -0.18"
2025-02-07,14:27:09,"0.29, -0.01, 0.97","-0.37, -0.31, -0.18"
2025-02-07,14:27:09,"0.29, -0.01, 0.97","-0.37, -0.24, -0.18"
2025-02-07,14:27:10,"0.29, -0.01, 0.97","-0.37, -0.24, -0.18"
2025-02-07,14:27:10,"0.29, -0.01, 0.97","-0.37, -0.31, -0.18"
2025-02-07,14:27:11,"0.29, -0.01, 0.97","-0.37, -0.31, -0.18"
2025-02-07,14:27:11,"0.29, -0.01, 0.97","-0.37, -0.31, -0.24"
2025-02-07,14:27:12,"0.29, -0.01, 0.97","-0.37, -0.31, -0.24"
2025-02-07,14:27:12,"0.29, -0.01, 0.97","-0.37, -0.31, -0.24"
2025-02-07,14:27:13,"0.29, -0.01, 0.97","-0.37, -0.31, -0.24"
2025-02-07,14:27:13,"0.29, -0.01, 0.97","-0.37, -0.31, -0.18"
2025-02-07,14:27:14,"0.29, -0.01, 0.97","-0.37, -0.31, -0.18"
2025-02-07,14:27:14,"0.29, -0.01, 0.97","-0.37, -0.31, -0.18"
2025-02-07,14:27:15,"0.29, -0.01, 0.97","-0.37, -0.31, -0.24"
2025-02-07,14:27:15,"0.29, -0.01, 0.97","-0.24, -0.24, -0.31"
2025-02-07,14:27:16,"0.29, -0.01, 0.97","-0.37, -0.31, -0.18"
2025-02-07,14:27:16,"0.29, -0.01, 0.97","-0.43, -0.31, -0.18"
2025-02-07,14:27:17,"0.29, -0.01, 0.97","-0.37, -0.24, -0.24"
2025-02-07,14:27:17,"0.42, -0.04, -1.12","20.20, 204.47, -168.46"
2025-02-07,14:27:18,"2.06, -1.21, 1.59","-147.89, 514.04, -90.39"
2025-02-07,14:27:18,"0.01, -0.42, 1.24","-39.25, -153.69, 88.13"
2025-02-07,14:27:19,"0.29, 0.30, -0.44","137.08, -123.60, -244.75"
2025-02-07,14:27:19,"0.53, -0.55, 1.06","63.11, -1.28, -56.09"
2025-02-07,14:27:20,"0.28, -0.02, 0.97","-0.12, 0.12, -0.61"
2025-02-07,14:27:20,"0.28, -0.02, 0.97","-0.37, -0.24, -0.24"
2025-02-07,14:27:21,"0.28, -0.02, 0.97","-0.43, -0.24, -0.24"
2025-02-07,14:27:21,"0.28, -0.02, 0.97","-0.37, -0.24, -0.18"
2025-02-07,14:27:22,"0.28, -0.02, 0.97","-0.37, -0.24, -0.24"
2025-02-07,14:27:22,"0.28, -0.02, 0.97","-0.37, -0.31, -0.24"
2025-02-07,14:27:23,"0.28, -0.02, 0.97","-0.37, -0.24, -0.18"
2025-02-07,14:27:23,"0.28, -0.02, 0.97","-0.37, -0.31, -0.24"
2025-02-07,14:27:24,"0.28, -0.20, 1.02","-68.85, -100.04, -3.97"
2025-02-07,14:27:24,"-0.89, -0.95, -0.62","-6.65, 95.52, 49.80"
2025-02-07,14:27:25,"-0.22, -0.10, 0.79","14.47, 1.16, -78.61"
2025-02-07,14:27:25,"0.32, -0.07, 0.97","58.17, 1.71, -25.45"
2025-02-07,14:27:26,"0.28, -0.02, 0.97","-0.24, -0.06, -0.37"
2025-02-07,14:27:26,"0.28, -0.02, 0.97","-0.37, -0.24, -0.24"
2025-02-07,14:27:27,"0.28, -0.02, 0.97","-0.37, -0.24, -0.24"
2025-02-07,14:27:27,"0.28, -0.02, 0.97","-0.37, -0.24, -0.24"
2025-02-07,14:27:28,"0.28, -0.02, 0.97","-0.61, -0.43, -0.06"
2025-02-07,14:27:28,"0.28, -0.02, 0.97","-0.37, -0.31, -0.18"
2025-02-07,14:27:29,"0.28, -0.02, 0.97","-0.31, -0.31, -0.18"
2025-02-07,14:27:29,"0.28, -0.02, 0.97","-0.37, -0.31, -0.18"
2025-02-07,14:27:30,"0.28, -0.02, 0.97","-0.31, -0.31, -0.24"
2025-02-07,14:27:30,"0.28, -0.02, 0.97","-0.24, -0.24, -0.24"
2025-02-07,14:27:31,"0.28, -0.02, 0.97","-0.31, -0.31, -0.18"
2025-02-07,14:27:31,"0.28, -0.02, 0.97","-0.37, -0.31, -0.18"
2025-02-07,14:27:32,"0.28, -0.02, 0.97","-0.43, -0.31, -0.18"
2025-02-07,14:27:32,"0.28, -0.02, 0.97","-0.37, -0.31, -0.18"
2025-02-07,14:27:33,"0.28, -0.02, 0.97","-0.37, -0.31, -0.18"
2025-02-07,14:27:33,"0.28, -0.02, 0.97","-0.37, -0.31, -0.18"
2025-02-07,14:27:34,"0.28, -0.02, 0.97","-0.37, -0.31, -0.18"
2025-02-07,14:27:34,"0.28, -0.02, 0.97","-0.31, -0.31, -0.24"
2025-02-07,14:27:35,"0.28, -0.02, 0.97","-0.31, -0.24, -0.18"
2025-02-07,14:27:35,"0.28, -0.02, 0.97","-0.37, -0.31, -0.24"
2025-02-07,14:27:36,"0.28, -0.02, 0.97","-0.37, -0.31, -0.18"
2025-02-07,14:27:36,"0.28, -0.02, 0.97","-0.31, -0.31, -0.24"
2025-02-07,14:27:37,"0.28, -0.02, 0.97","-0.37, -0.31, -0.18"
2025-02-07,14:27:37,"0.28, -0.02, 0.97","-0.37, -0.24, -0.18"
2025-02-07,14:27:38,"0.28, -0.02, 0.97","-0.37, -0.31, -0.24"
2025-02-07,14:27:38,"0.28, -0.02, 0.97","-0.37, -0.31, -0.18"
2025-02-07,14:27:39,"0.28, -0.02, 0.97","-0.37, -0.31, -0.18"
2025-02-07,14:27:39,"0.28, -0.02, 0.97","-0.43, -0.31, -0.18"
2025-02-07,14:27:40,"0.28, -0.02, 0.97","-0.43, -0.31, -0.18"
2025-02-07,14:27:40,"0.28, -0.02, 0.97","-0.31, -0.31, -0.18"
2025-02-07,14:27:41,"0.28, -0.02, 0.97","-0.31, -0.24, -0.18"
2025-02-07,14:27:41,"0.28, -0.02, 0.97","-0.31, -0.31, -0.18"
2025-02-07,14:27:42,"0.28, -0.02, 0.97","-0.37, -0.31, -0.18"
2025-02-07,14:27:42,"0.28, -0.02, 0.97","-0.43, -0.31, -0.18"
2025-02-07,14:27:43,"0.28, -0.02, 0.97","-0.37, -0.31, -0.18"
2025-02-07,14:27:43,"0.28, -0.02, 0.97","-0.37, -0.24, -0.18"
2025-02-07,14:27:44,"0.28, -0.02, 0.97","-0.43, -0.31, -0.18"
2025-02-07,14:27:44,"0.28, -0.02, 0.97","-0.37, -0.31, -0.18"
2025-02-07,14:27:45,"0.28, -0.02, 0.97","-0.31, -0.31, -0.18"
2025-02-07,14:27:45,"0.28, -0.02, 0.97","-0.31, -0.24, -0.24"
2025-02-07,14:27:46,"0.28, -0.02, 0.97","-0.37, -0.31, -0.18"
2025-02-07,14:27:46,"0.28, -0.02, 0.97","-0.37, -0.31, -0.18"
2025-02-07,14:27:47,"0.28, -0.02, 0.97","-0.37, -0.24, -0.24"
2025-02-07,14:27:47,"0.28, -0.02, 0.97","-0.37, -0.31, -0.18"
2025-02-07,14:27:48,"0.28, -0.02, 0.97","-0.37, -0.31, -0.18"
2025-02-07,14:27:48,"0.28, -0.02, 0.97","-0.37, -0.31, -0.18"
2025-02-07,14:27:49,"0.28, -0.02, 0.97","-0.43, -0.31, -0.18"
2025-02-07,14:27:49,"0.28, -0.02, 0.97","-0.37, -0.31, -0.18"
2025-02-07,14:27:50,"0.28, -0.02, 0.97","-0.43, -0.31, -0.18"
2025-02-07,14:27:50,"0.28, -0.02, 0.97","-0.37, -0.24, -0.18"
2025-02-07,14:27:51,"0.28, -0.02, 0.97","-0.37, -0.31, -0.24"
2025-02-07,14:27:51,"0.28, -0.02, 0.97","-0.31, -0.31, -0.24"
2025-02-07,14:27:52,"0.28, -0.02, 0.97","-0.37, -0.31, -0.24"
2025-02-07,14:27:52,"0.28, -0.02, 0.97","-0.37, -0.31, -0.18"
2025-02-07,14:27:53,"0.28, -0.02, 0.97","-0.37, -0.24, -0.18"
2025-02-07,14:27:53,"0.28, -0.02, 0.97","-0.31, -0.31, -0.24"
2025-02-07,14:27:54,"0.28, -0.02, 0.97","-0.37, -0.31, -0.18"
2025-02-07,14:27:54,"0.28, -0.02, 0.97","-0.37, -0.31, -0.18"
2025-02-07,14:27:55,"0.28, -0.02, 0.97","-0.37, -0.31, -0.18"
2025-02-07,14:27:55,"0.28, -0.02, 0.97","-0.37, -0.31, -0.18"
2025-02-07,14:27:56,"0.28, -0.02, 0.97","-0.37, -0.31, -0.18"
2025-02-07,14:27:56,"0.28, -0.02, 0.97","-0.37, -0.31, -0.18"
2025-02-07,14:27:57,"0.28, -0.02, 0.97","-0.37, -0.31, -0.24"
2025-02-07,14:27:57,"0.28, -0.02, 0.97","-0.31, -0.31, -0.18"
2025-02-07,14:27:58,"0.28, -0.02, 0.97","-0.31, -0.31, -0.24"
2025-02-07,14:27:58,"0.28, -0.02, 0.97","-0.37, -0.24, -0.18"
2025-02-07,14:27:59,"0.28, -0.02, 0.97","-0.37, -0.31, -0.18"
2025-02-07,14:27:59,"0.28, -0.02, 0.97","-0.37, -0.31, -0.18"
2025-02-07,14:28:00,"0.28, -0.02, 0.97","-0.31, -0.31, -0.18"
2025-02-07,14:28:00,"0.28, -0.02, 0.97","-0.43, -0.24, -0.18"
2025-02-07,14:28:01,"0.28, -0.02, 0.97","-0.43, -0.31, -0.18"
2025-02-07,14:28:01,"0.28, -0.02, 0.97","-0.37, -0.31, -0.18"
2025-02-07,14:28:02,"0.28, -0.02, 0.97","-0.31, -0.24, -0.24"
2025-02-07,14:28:02,"0.28, -0.02, 0.97","-0.31, -0.31, -0.18"
2025-02-07,14:28:03,"0.28, -0.02, 0.97","-0.31, -0.24, -0.18"
2025-02-07,14:28:03,"0.28, -0.02, 0.97","-0.37, -0.31, -0.24"
2025-02-07,14:28:04,"0.28, -0.02, 0.97","-0.31, -0.24, -0.24"
2025-02-07,14:28:04,"0.28, -0.02, 0.97","-0.31, -0.31, -0.18"
2025-02-07,14:28:05,"0.28, -0.02, 0.97","-0.37, -0.31, -0.18"
2025-02-07,14:28:05,"0.28, -0.02, 0.97","-0.37, -0.31, -0.24"
2025-02-07,14:28:06,"0.28, -0.02, 0.97","-0.37, -0.31, -0.18"
2025-02-07,14:28:06,"0.28, -0.02, 0.97","-0.37, -0.31, -0.18"
2025-02-07,14:28:07,"0.28, -0.02, 0.97","-0.37, -0.24, -0.18"
2025-02-07,14:28:07,"0.28, -0.02, 0.97","-0.37, -0.31, -0.18"
2025-02-07,14:28:08,"0.28, -0.02, 0.97","-0.31, -0.31, -0.18"
2025-02-07,14:28:08,"0.28, -0.02, 0.97","-0.37, -0.31, -0.24"
2025-02-07,14:28:09,"0.28, -0.02, 0.97","-0.31, -0.31, -0.24"
2025-02-07,14:28:09,"0.28, -0.02, 0.97","-0.37, -0.31, -0.18"
2025-02-07,14:28:10,"0.28, -0.02, 0.97","-0.37, -0.31, -0.24"
2025-02-07,14:28:10,"0.28, -0.02, 0.97","-0.31, -0.31, -0.24"
2025-02-07,14:28:11,"0.28, -0.02, 0.97","-0.37, -0.31, -0.18"
2025-02-07,14:28:11,"0.28, -0.02, 0.97","-0.37, -0.31, -0.18"
2025-02-07,14:28:12,"0.28, -0.02, 0.97","-0.37, -0.31, -0.18"
2025-02-07,14:28:12,"0.28, -0.02, 0.97","-0.37, -0.31, -0.18"
2025-02-07,14:28:13,"0.28, -0.02, 0.97","-0.31, -0.24, -0.18"
2025-02-07,14:28:13,"0.28, -0.02, 0.97","-0.31, -0.24, -0.18"
2025-02-07,14:28:14,"0.28, -0.02, 0.97","-0.37, -0.31, -0.18"
2025-02-07,14:28:14,"0.28, -0.02, 0.97","-0.31, -0.31, -0.18"
2025-02-07,14:28:15,"0.28, -0.02, 0.97","-0.31, -0.24, -0.24"
2025-02-07,14:28:15,"0.28, -0.02, 0.97","-0.37, -0.31, -0.18"
2025-02-07,14:28:16,"0.28, -0.02, 0.97","-0.37, -0.31, -0.24"
2025-02-07,14:28:16,"0.28, -0.02, 0.97","-0.43, -0.31, -0.18"
2025-02-07,14:28:17,"0.28, -0.02, 0.97","-0.37, -0.31, -0.24"
2025-02-07,14:28:17,"0.28, -0.02, 0.97","-0.37, -0.31, -0.18"
2025-02-07,14:28:18,"0.28, -0.02, 0.97","-0.37, -0.31, -0.18"
2025-02-07,14:28:18,"0.28, -0.02, 0.97","-0.37, -0.31, -0.24"
2025-02-07,14:28:19,"0.28, -0.02, 0.97","-0.37, -0.31, -0.24"
2025-02-07,14:28:19,"0.28, -0.02, 0.97","-0.37, -0.31, -0.24"
2025-02-07,14:28:20,"0.28, -0.02, 0.97","-0.37, -0.24, -0.24"
2025-02-07,14:28:20,"0.28, -0.02, 0.97","-0.43, -0.24, -0.24"
2025-02-07,14:28:21,"0.28, -0.02, 0.97","-0.31, -0.24, -0.24"
2025-02-07,14:28:21,"0.28, -0.02, 0.97","-0.31, -0.24, -0.31"
2025-02-07,14:28:22,"0.28, -0.02, 0.97","-0.37, -0.31, -0.18"
2025-02-07,14:28:22,"0.28, -0.02, 0.97","-0.49, -0.37, -0.12"
2025-02-07,14:28:23,"0.28, -0.02, 0.97","-0.43, -0.31, -0.18"
2025-02-07,14:28:23,"0.28, -0.02, 0.97","-0.37, -0.31, -0.18"
2025-02-07,14:28:24,"0.28, -0.02, 0.97","-0.37, -0.31, -0.18"
2025-02-07,14:28:24,"0.28, -0.02, 0.97","-0.37, -0.31, -0.18"
2025-02-07,14:28:25,"0.28, -0.02, 0.97","-0.37, -0.24, -0.18"
2025-02-07,14:28:25,"0.28, -0.02, 0.97","-0.37, -0.31, -0.18"
2025-02-07,14:28:26,"0.28, -0.02, 0.97","-0.31, -0.31, -0.24"
2025-02-07,14:28:26,"0.28, -0.02, 0.97","-0.37, -0.24, -0.18"
2025-02-07,14:28:27,"0.28, -0.02, 0.97","-0.43, -0.31, -0.18"
2025-02-07,14:28:27,"0.28, -0.02, 0.97","-0.37, -0.31, -0.18"
2025-02-07,14:28:28,"0.28, -0.02, 0.97","-0.43, -0.31, -0.18"
2025-02-07,14:28:28,"0.28, -0.02, 0.97","-0.43, -0.24, -0.18"
2025-02-07,14:28:29,"0.28, -0.02, 0.97","-0.37, -0.31, -0.24"
2025-02-07,14:28:29,"0.28, -0.02, 0.97","-0.31, -0.24, -0.24"
2025-02-07,14:28:30,"0.28, -0.02, 0.97","-0.31, -0.31, -0.18"
2025-02-07,14:28:30,"0.28, -0.02, 0.97","-0.31, -0.24, -0.18"
2025-02-07,14:28:31,"0.28, -0.02, 0.97","-0.31, -0.24, -0.24"
2025-02-07,14:28:31,"0.28, -0.02, 0.97","-0.31, -0.24, -0.24"
2025-02-07,14:28:32,"0.28, -0.02, 0.97","-0.31, -0.24, -0.24"
2025-02-07,14:28:32,"0.28, -0.02, 0.97","-0.37, -0.31, -0.18"
2025-02-07,14:28:33,"0.28, -0.02, 0.97","-0.37, -0.31, -0.24"
2025-02-07,14:28:33,"0.28, -0.02, 0.97","-0.37, -0.31, -0.18"
2025-02-07,14:28:34,"0.28, -0.02, 0.97","-0.31, -0.24, -0.18"
2025-02-07,14:28:34,"0.28, -0.02, 0.97","-0.43, -0.24, -0.18"
2025-02-07,14:28:35,"0.28, -0.02, 0.97","-0.37, -0.31, -0.18"
2025-02-07,14:28:35,"0.28, -0.02, 0.97","-0.37, -0.24, -0.18"
2025-02-07,14:28:36,"0.28, -0.02, 0.97","-0.31, -0.24, -0.24"
2025-02-07,14:28:36,"0.28, -0.02, 0.97","-0.37, -0.31, -0.24"
2025-02-07,14:28:37,"0.28, -0.02, 0.97","-0.37, -0.31, -0.18"
2025-02-07,14:28:37,"0.28, -0.02, 0.97","-0.37, -0.31, -0.18"
2025-02-07,14:28:38,"0.28, -0.02, 0.97","-0.37, -0.31, -0.24"
2025-02-07,14:28:38,"0.28, -0.02, 0.97","-0.43, -0.31, -0.18"
2025-02-07,14:28:39,"0.28, -0.02, 0.97","-0.37, -0.31, -0.18"
2025-02-07,14:28:39,"0.28, -0.02, 0.97","-0.37, -0.31, -0.18"
2025-02-07,14:28:40,"0.28, -0.02, 0.97","-0.31, -0.31, -0.18"
2025-02-07,14:28:40,"0.28, -0.02, 0.97","-0.37, -0.31, -0.18"
2025-02-07,14:28:41,"0.28, -0.02, 0.97","-0.31, -0.31, -0.18"
2025-02-07,14:28:41,"0.28, -0.02, 0.97","-0.31, -0.24, -0.24"
2025-02-07,14:28:42,"0.28, -0.02, 0.97","-0.31, -0.31, -0.18"
2025-02-07,14:28:42,"0.28, -0.02, 0.97","-0.37, -0.24, -0.18"
2025-02-07,14:28:43,"0.28, -0.02, 0.97","-0.37, -0.31, -0.18"
2025-02-07,14:28:43,"0.28, -0.02, 0.97","-0.43, -0.31, -0.18"
2025-02-07,14:28:44,"0.28, -0.02, 0.97","-0.37, -0.31, -0.18"
2025-02-07,14:28:44,"0.28, -0.02, 0.97","-0.37, -0.24, -0.24"
2025-02-07,14:28:45,"0.28, -0.02, 0.97","-0.37, -0.31, -0.18"
2025-02-07,14:28:45,"0.28, -0.02, 0.97","-0.37, -0.31, -0.18"
2025-02-07,14:28:46,"0.28, -0.02, 0.97","-0.37, -0.24, -0.24"
2025-02-07,14:28:46,"0.28, -0.02, 0.97","-0.37, -0.24, -0.24"
2025-02-07,14:28:47,"0.28, -0.02, 0.97","-0.37, -0.31, -0.18"
2025-02-07,14:28:47,"0.28, -0.02, 0.97","-0.37, -0.31, -0.18"
2025-02-07,14:28:48,"0.28, -0.02, 0.97","-0.37, -0.31, -0.24"
2025-02-07,14:28:48,"0.28, -0.02, 0.97","-0.43, -0.24, -0.24"
2025-02-07,14:28:49,"0.28, -0.02, 0.97","-0.43, -0.24, -0.18"
2025-02-07,14:28:49,"0.28, -0.02, 0.97","-0.37, -0.31, -0.18"
2025-02-07,14:28:50,"0.28, -0.02, 0.97","-0.37, -0.24, -0.18"
2025-02-07,14:28:50,"0.28, -0.02, 0.97","-0.31, -0.24, -0.24"
2025-02-07,14:28:51,"0.28, -0.02, 0.97","-0.37, -0.24, -0.24"
2025-02-07,14:28:51,"0.28, -0.02, 0.97","-0.37, -0.31, -0.18"
2025-02-07,14:28:52,"0.28, -0.02, 0.97","-0.31, -0.24, -0.18"
2025-02-07,14:28:52,"0.28, -0.02, 0.97","-0.37, -0.31, -0.18"
2025-02-07,14:28:53,"0.28, -0.02, 0.97","-0.37, -0.31, -0.18"
2025-02-07,14:28:53,"0.28, -0.02, 0.97","-0.37, -0.31, -0.18"
2025-02-07,14:28:54,"0.28, -0.02, 0.97","-0.37, -0.31, -0.18"
2025-02-07,14:28:54,"0.28, -0.02, 0.97","-0.37, -0.31, -0.18"
2025-02-07,14:28:55,"0.28, -0.02, 0.97","-0.43, -0.31, -0.18"
2025-02-07,14:28:55,"0.28, -0.02, 0.97","-0.43, -0.31, -0.18"
2025-02-07,14:28:56,"0.28, -0.02, 0.97","-0.37, -0.31, -0.18"
2025-02-07,14:28:56,"0.28, -0.02, 0.97","-0.31, -0.31, -0.24"
2025-02-07,14:28:57,"0.28, -0.02, 0.97","-0.37, -0.24, -0.24"
2025-02-07,14:28:57,"0.28, -0.02, 0.97","-0.31, -0.31, -0.18"
2025-02-07,14:28:58,"0.28, -0.02, 0.97","-0.37, -0.31, -0.24"
2025-02-07,14:28:58,"0.28, -0.02, 0.97","-0.31, -0.24, -0.24"
2025-02-07,14:28:59,"0.28, -0.02, 0.97","-0.37, -0.24, -0.18"
2025-02-07,14:28:59,"0.28, -0.02, 0.97","-0.37, -0.31, -0.18"
2025-02-07,14:29:00,"0.28, -0.02, 0.97","-0.43, -0.31, -0.18"
2025-02-07,14:29:00,"0.28, -0.02, 0.97","-0.37, -0.24, -0.18"
2025-02-07,14:29:01,"0.28, -0.02, 0.97","-0.37, -0.24, -0.18"
2025-02-07,14:29:01,"0.28, -0.02, 0.97","-0.37, -0.24, -0.24"
2025-02-07,14:29:02,"0.28, -0.02, 0.97","-0.37, -0.31, -0.18"
2025-02-07,14:29:02,"0.28, -0.02, 0.97","-0.37, -0.31, -0.18"
2025-02-07,14:29:03,"0.28, -0.02, 0.97","-0.31, -0.31, -0.18"
2025-02-07,14:29:03,"0.28, -0.02, 0.97","-0.37, -0.31, -0.24"
2025-02-07,14:29:04,"0.28, -0.02, 0.97","-0.37, -0.24, -0.18"
2025-02-07,14:29:04,"0.28, -0.02, 0.97","-0.37, -0.31, -0.18"
2025-02-07,14:29:05,"0.28, -0.02, 0.97","-0.43, -0.31, -0.12"
2025-02-07,14:29:05,"0.28, -0.02, 0.97","-0.37, -0.24, -0.24"
2025-02-07,14:29:06,"0.28, -0.02, 0.97","-0.37, -0.24, -0.18"
2025-02-07,14:29:06,"0.28, -0.02, 0.97","-0.43, -0.31, -0.18"
2025-02-07,14:29:07,"0.28, -0.02, 0.97","-0.37, -0.31, -0.18"
2025-02-07,14:29:07,"0.28, -0.02, 0.97","-0.37, -0.31, -0.24"
2025-02-07,14:29:08,"0.28, -0.02, 0.97","-0.37, -0.31, -0.18"
2025-02-07,14:29:08,"0.28, -0.02, 0.97","-0.31, -0.24, -0.24"
2025-02-07,14:29:09,"0.28, -0.02, 0.97","-0.37, -0.24, -0.18"
2025-02-07,14:29:09,"0.28, -0.02, 0.97","-0.31, -0.24, -0.18"
2025-02-07,14:29:10,"0.28, -0.02, 0.97","-0.37, -0.37, -0.18"
2025-02-07,14:29:10,"0.28, -0.01, 0.97","-0.12, -0.18, -0.43"
2025-02-07,14:29:11,"0.28, -0.02, 0.97","-0.37, -0.31, -0.18"
2025-02-07,14:29:11,"0.74, -0.26, 0.87","43.95, 356.93, -133.61"
2025-02-07,14:29:12,"1.70, -0.08, 2.37","-169.80, -475.34, 267.27"
2025-02-07,14:29:12,"-0.02, -0.78, 0.69","-12.15, 3.78, -22.77"
2025-02-07,14:29:13,"0.61, -0.89, -0.05","52.00, 366.33, -170.59"
2025-02-07,14:29:13,"-0.09, -0.87, 0.49","-7.63, 22.40, -12.39"
2025-02-07,14:29:14,"-0.13, -0.89, 0.47","1.46, 0.18, 0.67"
2025-02-07,14:29:14,"-0.12, -0.92, 0.52","9.34, 4.15, -4.52"
2025-02-07,14:29:15,"0.64, -0.28, 0.43","81.67, 441.10, -142.76"
2025-02-07,14:29:15,"1.74, 2.58, -1.76","32.90, -194.15, -283.02"
2025-02-07,14:29:16,"0.23, -0.81, 0.62","118.59, -22.71, -126.83"
2025-02-07,14:29:16,"0.22, -0.02, 1.16","44.74, 25.45, -3.23"
2025-02-07,14:29:17,"0.36, -0.01, 0.91","1.28, 16.11, 6.77"
2025-02-07,14:29:17,"0.31, -0.01, 0.96","-0.31, -0.24, -0.24"
2025-02-07,14:29:18,"0.31, -0.02, 0.96","-0.31, -0.24, -0.24"
2025-02-07,14:29:18,"0.31, -0.02, 0.96","-0.37, -0.24, -0.18"
2025-02-07,14:29:19,"0.31, -0.02, 0.96","-0.37, -0.31, -0.24"
2025-02-07,14:29:19,"0.31, -0.01, 0.96","-0.37, -0.31, -0.18"
2025-02-07,14:29:20,"0.31, -0.01, 0.96","-0.31, -0.24, -0.24"
2025-02-07,14:29:20,"0.31, -0.02, 0.96","-0.37, -0.31, -0.18"
2025-02-07,14:29:21,"0.31, -0.01, 0.96","-0.37, -0.24, -0.18"
2025-02-07,14:29:21,"0.31, -0.01, 0.96","-0.37, -0.24, -0.24"
2025-02-07,14:29:22,"0.31, -0.01, 0.96","-0.37, -0.31, -0.18"
2025-02-07,14:29:22,"0.31, -0.01, 0.96","-0.37, -0.24, -0.24"
2025-02-07,14:29:23,"0.31, -0.01, 0.96","-0.37, -0.31, -0.18"
2025-02-07,14:29:23,"0.31, -0.01, 0.96","-0.37, -0.31, -0.24"
2025-02-07,14:29:24,"0.31, -0.01, 0.96","-0.37, -0.31, -0.18"
2025-02-07,14:29:24,"0.31, -0.01, 0.96","-0.37, -0.31, -0.18"
2025-02-07,14:29:25,"0.31, -0.01, 0.96","-0.37, -0.31, -0.18"
2025-02-07,14:29:25,"0.31, -0.01, 0.96","-0.31, -0.31, -0.24"
2025-02-07,14:29:26,"0.31, -0.01, 0.96","-0.37, -0.31, -0.18"
2025-02-07,14:29:26,"0.31, -0.01, 0.96","-0.43, -0.37, -0.12"
2025-02-07,14:29:27,"0.31, -0.01, 0.96","-0.37, -0.31, -0.24"
2025-02-07,14:29:27,"0.31, -0.01, 0.96","-0.37, -0.31, -0.18"
2025-02-07,14:29:28,"0.31, -0.01, 0.96","-0.31, -0.24, -0.18"
2025-02-07,14:29:28,"0.31, -0.01, 0.96","-0.43, -0.31, -0.18"
2025-02-07,14:29:29,"0.31, -0.01, 0.97","-0.18, -0.12, -0.37"
2025-02-07,14:29:29,"0.28, -0.04, 0.98","5.43, 21.97, 28.75"
2025-02-07,14:29:30,"0.27, -0.02, 0.97","-0.37, -0.31, -0.24"
2025-02-07,14:29:30,"0.28, -0.02, 0.97","-0.31, -0.24, -0.24"
2025-02-07,14:29:31,"0.28, -0.02, 0.97","-0.37, -0.24, -0.18"
2025-02-07,14:29:31,"0.27, -0.02, 0.97","-0.31, -0.24, -0.31"
2025-02-07,14:29:32,"0.27, -0.02, 0.97","-0.92, -0.79, 0.31"
2025-02-07,14:29:32,"0.27, -0.02, 0.97","-0.37, -0.37, -0.18"
2025-02-07,14:29:33,"0.27, -0.02, 0.97","-0.37, -0.31, -0.18"
2025-02-07,14:29:33,"1.72, 1.37, 2.29","-143.74, 369.87, 295.59"
2025-02-07,14:29:34,"0.12, 0.81, 1.06","31.13, -253.97, -45.47"
2025-02-07,14:29:34,"0.25, -0.10, 0.97","-4.70, -0.55, 0.55"
2025-02-07,14:29:35,"0.25, -0.10, 0.97","3.11, 0.00, -0.92"
2025-02-07,14:29:35,"0.25, -0.10, 0.98","-0.49, -0.31, -0.18"
2025-02-07,14:29:36,"0.25, -0.10, 0.97","-0.12, -0.31, -0.24"
2025-02-07,14:29:36,"0.25, -0.10, 0.98","-0.37, -0.31, -0.24"
2025-02-07,14:29:37,"0.25, -0.10, 0.97","-0.31, -0.31, -0.24"
2025-02-07,14:29:37,"0.25, -0.10, 0.98","-0.37, -0.31, -0.24"
2025-02-07,14:29:38,"0.25, -0.10, 0.98","-0.37, -0.31, -0.18"
2025-02-07,14:29:38,"0.25, -0.10, 0.98","-0.43, -0.31, -0.18"
2025-02-07,14:29:39,"0.25, -0.10, 0.98","-0.37, -0.31, -0.18"
2025-02-07,14:29:39,"0.25, -0.10, 0.97","-0.24, -0.31, -0.24"
2025-02-07,14:29:40,"0.25, -0.10, 0.98","-0.24, -0.31, -0.24"
2025-02-07,14:29:40,"0.25, -0.10, 0.97","-0.43, -0.31, -0.18"
2025-02-07,14:29:41,"0.25, -0.10, 0.98","-0.37, -0.31, -0.18"
2025-02-07,14:29:41,"0.25, -0.10, 0.98","-0.24, -0.31, -0.24"
2025-02-07,14:29:42,"0.25, -0.10, 0.98","-0.43, -0.31, -0.18"
2025-02-07,14:29:42,"0.25, -0.10, 0.98","-0.37, -0.31, -0.18"
2025-02-07,14:29:43,"0.25, -0.10, 0.98","-0.43, -0.31, -0.24"
2025-02-07,14:29:43,"0.25, -0.10, 0.98","-0.24, -0.31, -0.18"
2025-02-07,14:29:44,"0.25, -0.10, 0.98","-0.37, -0.31, -0.18"
2025-02-07,14:29:44,"0.25, -0.10, 0.98","-0.37, -0.24, -0.24"
2025-02-07,14:29:45,"0.25, -0.10, 0.98","-0.31, -0.24, -0.24"
2025-02-07,14:29:45,"0.25, -0.10, 0.98","-0.43, -0.31, -0.18"
2025-02-07,14:29:46,"0.25, -0.10, 0.98","-0.37, -0.31, -0.18"
2025-02-07,14:29:46,"0.25, -0.10, 0.98","-0.24, -0.31, -0.18"
2025-02-07,14:29:47,"0.25, -0.10, 0.98","-0.37, -0.31, -0.18"
2025-02-07,14:29:47,"0.25, -0.10, 0.98","-0.37, -0.31, -0.24"
2025-02-07,14:29:48,"0.25, -0.10, 0.98","-0.31, -0.31, -0.18"
2025-02-07,14:29:48,"0.25, -0.10, 0.98","-0.37, -0.31, -0.18"
2025-02-07,14:29:49,"0.25, -0.10, 0.98","-0.37, -0.31, -0.24"
2025-02-07,14:29:49,"0.25, -0.10, 0.98","-0.43, -0.31, -0.18"
2025-02-07,14:29:50,"0.25, -0.10, 0.98","-0.31, -0.24, -0.18"
2025-02-07,14:29:50,"0.25, -0.10, 0.98","-0.37, -0.31, -0.18"
2025-02-07,14:29:51,"0.25, -0.10, 0.98","-0.37, -0.31, -0.24"
2025-02-07,14:29:51,"0.25, -0.10, 0.98","-0.37, -0.31, -0.24"
2025-02-07,14:29:52,"0.25, -0.10, 0.98","-0.37, -0.31, -0.18"
2025-02-07,14:29:52,"0.25, -0.10, 0.98","-0.31, -0.31, -0.18"
2025-02-07,14:29:53,"0.25, -0.10, 0.98","-0.37, -0.31, -0.24"
2025-02-07,14:29:53,"0.25, -0.10, 0.98","-0.31, -0.31, -0.18"
2025-02-07,14:29:54,"0.25, -0.10, 0.98","-0.31, -0.31, -0.18"
2025-02-07,14:29:54,"0.25, -0.10, 0.98","-0.37, -0.37, -0.18"
2025-02-07,14:29:55,"0.25, -0.10, 0.98","-0.31, -0.24, -0.18"
2025-02-07,14:29:55,"0.25, -0.10, 0.98","-0.37, -0.31, -0.18"
2025-02-07,14:29:56,"0.25, -0.10, 0.98","-0.37, -0.31, -0.24"
2025-02-07,14:29:56,"0.25, -0.10, 0.98","-0.37, -0.31, -0.18"
2025-02-07,14:29:57,"0.25, -0.10, 0.98","-0.18, -0.24, -0.24"
2025-02-07,14:29:57,"0.25, -0.10, 0.98","-0.49, -0.31, -0.18"
2025-02-07,14:29:58,"0.25, -0.10, 0.98","-0.31, -0.24, -0.24"
2025-02-07,14:29:58,"0.25, -0.10, 0.98","-0.18, -0.24, -0.24"
2025-02-07,14:29:59,"0.25, -0.10, 0.98","-0.43, -0.31, -0.18"
2025-02-07,14:29:59,"0.25, -0.10, 0.98","-0.24, -0.24, -0.18"
2025-02-07,14:30:00,"0.25, -0.10, 0.98","-0.49, -0.31, -0.18"
2025-02-07,14:30:00,"0.25, -0.10, 0.98","-0.31, -0.31, -0.24"
2025-02-07,14:30:01,"0.25, -0.10, 0.98","-0.43, -0.31, -0.18"
2025-02-07,14:30:01,"0.25, -0.09, 0.98","-0.43, -0.31, -0.18"
2025-02-07,14:30:02,"0.25, -0.10, 0.98","-0.43, -0.31, -0.24"
2025-02-07,14:30:02,"0.25, -0.10, 0.98","-0.31, -0.31, -0.18"
2025-02-07,14:30:03,"0.25, -0.10, 0.98","-0.37, -0.24, -0.18"
2025-02-07,14:30:03,"0.25, -0.10, 0.98","-0.37, -0.31, -0.18"
2025-02-07,14:30:04,"0.25, -0.10, 0.98","-0.31, -0.31, -0.24"
2025-02-07,14:30:04,"0.25, -0.10, 0.98","-0.49, -0.24, -0.18"
2025-02-07,14:30:05,"0.25, -0.10, 0.98","-0.37, -0.31, -0.24"
2025-02-07,14:30:05,"0.25, -0.09, 0.98","-0.43, -0.31, -0.18"
2025-02-07,14:30:06,"0.25, -0.09, 0.98","-0.24, -0.31, -0.24"
2025-02-07,14:30:06,"0.25, -0.09, 0.98","-0.43, -0.31, -0.18"
2025-02-07,14:30:07,"0.25, -0.10, 0.98","-3.23, -0.37, 0.31"
2025-02-07,14:30:07,"-0.43, -0.90, 0.31","563.23, -97.84, -181.76"
2025-02-07,14:30:08,"0.16, -0.04, 1.04","111.15, 63.72, -2.75"
2025-02-07,14:30:08,"0.19, -0.14, 0.98","0.49, 0.00, -0.12"
2025-02-07,14:30:09,"0.19, -0.13, 0.99","1.28, -0.06, -0.37"
2025-02-07,14:30:09,"0.19, -0.12, 0.99","0.12, -0.24, -0.24"
2025-02-07,14:30:10,"0.19, -0.12, 0.99","-0.06, -0.24, -0.24"
2025-02-07,14:30:10,"0.19, -0.12, 0.99","-0.18, -0.31, -0.24"
2025-02-07,14:30:11,"0.19, -0.12, 0.99","0.00, -0.24, -0.31"
2025-02-07,14:30:11,"0.19, -0.11, 0.99","-0.24, -0.31, -0.18"
2025-02-07,14:30:12,"0.19, -0.11, 0.99","-0.24, -0.24, -0.24"
2025-02-07,14:30:12,"0.19, -0.11, 0.99","-0.31, -0.24, -0.24"
2025-02-07,14:30:13,"0.19, -0.11, 0.99","-0.31, -0.31, -0.18"
2025-02-07,14:30:13,"0.19, -0.11, 0.99","-0.31, -0.31, -0.24"
2025-02-07,14:30:14,"0.19, -0.11, 0.99","-0.43, -0.31, -0.24"
2025-02-07,14:30:14,"0.19, -0.11, 0.99","-0.24, -0.31, -0.24"
2025-02-07,14:30:15,"0.19, -0.11, 0.99","-0.37, -0.24, -0.18"
2025-02-07,14:30:15,"0.19, -0.11, 0.99","-0.24, -0.24, -0.24"
2025-02-07,14:30:16,"0.19, -0.11, 0.99","-0.43, -0.31, -0.24"
2025-02-07,14:30:16,"0.19, -0.11, 0.99","-0.31, -0.24, -0.18"
2025-02-07,14:30:17,"0.19, -0.11, 0.99","-0.37, -0.31, -0.24"
2025-02-07,14:30:17,"0.19, -0.11, 0.99","-0.31, -0.31, -0.18"
2025-02-07,14:30:18,"0.19, -0.11, 0.99","-0.31, -0.31, -0.18"
2025-02-07,14:30:18,"0.19, -0.11, 0.99","-0.31, -0.31, -0.24"
2025-02-07,14:30:19,"0.19, -0.11, 0.99","-0.37, -0.31, -0.18"
2025-02-07,14:30:19,"0.19, -0.11, 0.99","-0.37, -0.31, -0.24"
2025-02-07,14:30:20,"0.19, -0.11, 0.99","-0.43, -0.31, -0.18"
2025-02-07,14:30:20,"0.19, -0.11, 0.99","-0.31, -0.31, -0.24"
2025-02-07,14:30:21,"0.19, -0.11, 0.99","-0.43, -0.31, -0.18"
2025-02-07,14:30:21,"0.19, -0.11, 0.99","-0.37, -0.24, -0.24"
2025-02-07,14:30:22,"0.19, -0.11, 0.99","-0.31, -0.24, -0.24"
2025-02-07,14:30:22,"0.19, -0.11, 0.99","-0.37, -0.31, -0.18"
2025-02-07,14:30:23,"0.19, -0.11, 0.99","-0.37, -0.31, -0.18"
2025-02-07,14:30:23,"0.19, -0.11, 0.99","-0.37, -0.31, -0.18"
2025-02-07,14:30:24,"0.19, -0.11, 0.99","-0.31, -0.31, -0.18"
2025-02-07,14:30:24,"0.19, -0.11, 0.99","-0.31, -0.31, -0.24"
2025-02-07,14:30:25,"0.19, -0.11, 0.99","-0.31, -0.31, -0.24"
2025-02-07,14:30:25,"0.19, -0.11, 0.99","-0.31, -0.31, -0.24"
2025-02-07,14:30:26,"0.19, -0.11, 0.99","-0.43, -0.31, -0.18"
2025-02-07,14:30:26,"0.19, -0.11, 0.99","-0.49, -0.31, -0.18"
2025-02-07,14:30:27,"0.19, -0.11, 0.99","-0.55, -0.31, -0.18"
2025-02-07,14:30:27,"0.19, -0.11, 0.99","-0.24, -0.24, -0.18"
2025-02-07,14:30:28,"0.19, -0.11, 0.99","-0.55, -0.37, -0.18"
2025-02-07,14:30:28,"0.19, -0.11, 0.99","-0.18, -0.31, -0.24"
2025-02-07,14:30:29,"0.19, -0.11, 0.99","-0.31, -0.31, -0.18"
2025-02-07,14:30:29,"0.19, -0.11, 0.99","-0.31, -0.31, -0.18"
2025-02-07,14:30:30,"0.19, -0.11, 0.99","-0.49, -0.31, -0.18"
2025-02-07,14:30:30,"0.19, -0.11, 0.99","-0.43, -0.31, -0.24"
2025-02-07,14:30:31,"0.19, -0.11, 0.99","-0.18, -0.24, -0.24"
2025-02-07,14:30:31,"0.19, -0.11, 0.99","-0.85, -0.31, -0.18"
2025-02-07,14:30:32,"0.15, -0.04, 0.94","1.28, 0.85, -0.61"
2025-02-07,14:30:32,"0.19, -0.11, 0.99","-2.50, -0.85, 0.06"
2025-02-07,14:30:33,"0.19, -0.10, 0.99","0.18, -0.24, -0.31"
2025-02-07,14:30:33,"0.19, -0.11, 0.99","0.55, -0.12, -0.24"
2025-02-07,14:30:34,"0.19, -0.10, 0.99","-1.34, -0.49, -0.12"
2025-02-07,14:30:34,"0.19, -0.10, 0.99","-0.24, -0.31, -0.24"
2025-02-07,14:30:35,"0.19, -0.10, 0.99","-0.37, -0.31, -0.18"
2025-02-07,14:30:35,"0.19, -0.10, 0.99","-0.31, -0.31, -0.18"
2025-02-07,14:30:36,"0.19, -0.10, 0.99","-0.31, -0.24, -0.18"
2025-02-07,14:30:36,"0.19, -0.10, 0.99","-0.43, -0.31, -0.18"
2025-02-07,14:30:37,"0.18, -0.10, 0.99","-0.43, -0.31, -0.24"
2025-02-07,14:30:37,"0.18, -0.10, 0.99","-0.43, -0.31, -0.18"
2025-02-07,14:30:38,"0.19, -0.10, 0.99","-0.31, -0.31, -0.24"
2025-02-07,14:30:38,"0.19, -0.10, 0.99","-0.43, -0.31, -0.24"
2025-02-07,14:30:39,"0.19, -0.10, 0.99","-0.37, -0.31, -0.18"
2025-02-07,14:30:39,"0.18, -0.10, 0.99","-0.24, -0.24, -0.24"
2025-02-07,14:30:40,"0.19, -0.10, 0.99","-0.31, -0.24, -0.24"
2025-02-07,14:30:40,"0.19, -0.10, 0.99","-0.37, -0.31, -0.18"
2025-02-07,14:30:41,"0.19, -0.10, 0.99","-0.43, -0.31, -0.18"
2025-02-07,14:30:41,"0.19, -0.10, 0.99","-0.18, -0.24, -0.18"
2025-02-07,14:30:42,"0.18, -0.10, 0.99","-0.55, -0.37, -0.24"
2025-02-07,14:30:42,"0.19, -0.10, 0.99","-0.43, -0.31, -0.18"
2025-02-07,14:30:43,"0.19, -0.10, 0.99","-0.31, -0.24, -0.24"
2025-02-07,14:30:43,"0.18, -0.10, 0.99","-0.37, -0.31, -0.18"
2025-02-07,14:30:44,"0.19, -0.10, 0.99","-0.37, -0.24, -0.18"
2025-02-07,14:30:44,"0.19, -0.10, 0.99","-0.43, -0.31, -0.18"
2025-02-07,14:30:45,"0.19, -0.10, 0.99","-0.31, -0.31, -0.24"
2025-02-07,14:30:45,"0.19, -0.10, 0.99","-0.18, -0.31, -0.18"
2025-02-07,14:30:46,"0.19, -0.10, 0.99","-0.55, -0.37, -0.24"
2025-02-07,14:30:46,"0.19, -0.10, 0.99","-0.06, -0.24, -0.18"
2025-02-07,14:30:47,"0.19, -0.10, 0.99","-0.49, -0.37, -0.18"
2025-02-07,14:30:47,"0.19, -0.10, 0.99","-0.43, -0.31, -0.24"
2025-02-07,14:30:48,"0.19, -0.10, 0.99","-0.31, -0.31, -0.18"
2025-02-07,14:30:48,"0.19, -0.10, 0.99","-0.37, -0.24, -0.18"
2025-02-07,14:30:49,"0.18, -0.10, 0.99","-0.43, -0.31, -0.18"
2025-02-07,14:30:49,"0.19, -0.10, 0.99","-0.31, -0.31, -0.24"
2025-02-07,14:30:50,"0.19, -0.10, 0.99","-0.37, -0.31, -0.24"
2025-02-07,14:30:50,"0.19, -0.10, 0.99","-0.37, -0.31, -0.18"
2025-02-07,14:30:51,"0.18, -0.10, 0.99","-0.31, -0.31, -0.18"
2025-02-07,14:30:51,"0.19, -0.10, 0.99","-0.37, -0.31, -0.18"
2025-02-07,14:30:52,"0.18, -0.10, 0.99","-0.31, -0.31, -0.24"
2025-02-07,14:30:52,"0.19, -0.10, 0.99","-0.31, -0.31, -0.24"
2025-02-07,14:30:53,"0.19, -0.10, 0.99","-0.37, -0.31, -0.18"
2025-02-07,14:30:53,"0.18, -0.10, 0.99","-0.43, -0.31, -0.24"
2025-02-07,14:30:54,"0.18, -0.10, 0.99","-0.37, -0.31, -0.24"
2025-02-07,14:30:55,"0.19, -0.10, 0.99","-0.37, -0.31, -0.24"
2025-02-07,14:30:55,"0.19, -0.10, 0.99","-0.24, -0.24, -0.24"
2025-02-07,14:30:56,"0.19, -0.10, 0.99","-0.24, -0.31, -0.24"
2025-02-07,14:30:56,"0.19, -0.10, 0.99","-0.37, -0.31, -0.18"
2025-02-07,14:30:57,"0.19, -0.10, 0.99","-0.37, -0.31, -0.18"
2025-02-07,14:30:57,"0.19, -0.10, 0.99","-0.37, -0.31, -0.18"
2025-02-07,14:30:58,"0.19, -0.10, 0.99","-0.12, -0.24, -0.24"
2025-02-07,14:30:58,"0.19, -0.10, 0.99","-0.18, -0.24, -0.24"
2025-02-07,14:30:59,"0.19, -0.10, 0.99","-0.31, -0.24, -0.24"
2025-02-07,14:30:59,"0.18, -0.10, 0.99","-0.06, -0.24, -0.24"
2025-02-07,14:31:00,"0.18, -0.10, 0.99","1.10, 0.00, -0.43"
2025-02-07,14:31:00,"0.19, -0.10, 0.99","-0.31, -0.31, -0.18"
2025-02-07,14:31:01,"0.18, -0.10, 0.99","-0.79, -0.37, -0.18"
2025-02-07,14:31:01,"0.18, -0.10, 0.99","-0.18, -0.31, -0.24"
2025-02-07,14:31:02,"0.18, -0.10, 0.99","-0.37, -0.31, -0.18"
2025-02-07,14:31:02,"0.18, -0.10, 0.99","-0.43, -0.31, -0.18"
2025-02-07,14:31:03,"0.18, -0.10, 0.99","-0.24, -0.31, -0.24"
2025-02-07,14:31:03,"0.19, -0.10, 0.99","-0.49, -0.31, -0.18"
2025-02-07,14:31:04,"0.19, -0.10, 0.99","-0.37, -0.31, -0.24"
2025-02-07,14:31:04,"0.18, -0.10, 0.99","-0.31, -0.24, -0.24"
2025-02-07,14:31:05,"0.18, -0.10, 0.99","-0.31, -0.24, -0.18"
2025-02-07,14:31:05,"0.19, -0.10, 0.99","-0.43, -0.24, -0.24"
2025-02-07,14:31:06,"0.18, -0.10, 0.99","-0.31, -0.31, -0.18"
2025-02-07,14:31:06,"0.19, -0.10, 0.99","-0.49, -0.31, -0.18"
2025-02-07,14:31:07,"0.18, -0.10, 0.99","-0.43, -0.31, -0.18"
2025-02-07,14:31:07,"0.18, -0.10, 0.99","-0.55, -0.31, -0.18"
2025-02-07,14:31:08,"0.18, -0.10, 0.99","-0.24, -0.24, -0.24"
2025-02-07,14:31:08,"0.19, -0.10, 0.99","-0.49, -0.37, -0.18"
2025-02-07,14:31:09,"0.18, -0.10, 0.99","-0.24, -0.31, -0.18"
2025-02-07,14:31:09,"0.19, -0.10, 0.99","-0.24, -0.31, -0.24"
2025-02-07,14:31:10,"0.19, -0.10, 0.99","-0.31, -0.31, -0.18"
2025-02-07,14:31:10,"0.19, -0.10, 0.99","-0.31, -0.24, -0.24"
2025-02-07,14:31:11,"0.19, -0.10, 0.99","-0.49, -0.31, -0.18"
2025-02-07,14:31:11,"0.19, -0.10, 0.99","-0.31, -0.31, -0.24"
2025-02-07,14:31:12,"0.19, -0.10, 0.99","-0.24, -0.24, -0.24"
2025-02-07,14:31:12,"0.18, -0.10, 0.99","-0.49, -0.31, -0.18"
2025-02-07,14:31:13,"0.19, -0.10, 0.99","-0.49, -0.31, -0.24"
2025-02-07,14:31:13,"0.19, -0.10, 0.99","-0.31, -0.31, -0.24"
2025-02-07,14:31:14,"0.18, -0.10, 0.99","-0.37, -0.31, -0.18"
2025-02-07,14:31:14,"0.19, -0.10, 0.99","-0.37, -0.31, -0.18"
2025-02-07,14:31:15,"0.19, -0.10, 0.99","-0.24, -0.24, -0.24"
2025-02-07,14:31:15,"0.19, -0.10, 0.99","-0.24, -0.31, -0.24"
2025-02-07,14:31:16,"0.19, -0.10, 0.99","-0.31, -0.31, -0.24"
2025-02-07,14:31:16,"0.18, -0.10, 0.99","-0.55, -0.31, -0.18"
2025-02-07,14:31:17,"0.18, -0.10, 0.99","-0.31, -0.31, -0.18"
2025-02-07,14:31:17,"0.19, -0.10, 0.99","-0.37, -0.31, -0.18"
2025-02-07,14:31:18,"0.18, -0.10, 0.99","-0.31, -0.31, -0.24"
2025-02-07,14:31:18,"0.19, -0.10, 0.99","-0.55, -0.31, -0.18"
2025-02-07,14:31:19,"0.18, -0.10, 0.99","-0.31, -0.24, -0.24"
2025-02-07,14:31:19,"0.18, -0.10, 0.99","-0.67, -0.31, -0.18"
2025-02-07,14:31:20,"0.19, -0.10, 0.99","-0.37, -0.31, -0.24"
2025-02-07,14:31:20,"0.19, -0.10, 0.99","-0.43, -0.31, -0.18"
2025-02-07,14:31:21,"0.18, -0.10, 0.99","-0.31, -0.31, -0.18"
2025-02-07,14:31:21,"0.18, -0.10, 0.99","-0.18, -0.24, -0.24"
2025-02-07,14:31:22,"0.19, -0.10, 0.99","-0.37, -0.31, -0.24"
2025-02-07,14:31:22,"0.19, -0.10, 0.99","-0.24, -0.24, -0.18"
2025-02-07,14:31:23,"0.18, -0.10, 0.99","-0.31, -0.24, -0.18"
2025-02-07,14:31:23,"0.19, -0.10, 0.99","-0.37, -0.31, -0.24"
2025-02-07,14:31:24,"0.19, -0.10, 0.99","-0.31, -0.31, -0.24"
2025-02-07,14:31:24,"0.19, -0.10, 0.99","-0.55, -0.31, -0.18"
2025-02-07,14:31:25,"0.19, -0.10, 0.99","-0.61, -0.37, -0.24"
2025-02-07,14:31:25,"0.19, -0.10, 0.99","-0.24, -0.24, -0.24"
2025-02-07,14:31:26,"0.19, -0.10, 0.99","-0.31, -0.31, -0.18"
2025-02-07,14:31:26,"0.19, -0.10, 0.99","-0.43, -0.31, -0.18"
2025-02-07,14:31:27,"0.19, -0.10, 0.99","-0.43, -0.24, -0.24"
2025-02-07,14:31:27,"0.19, -0.10, 0.99","-0.37, -0.31, -0.18"
2025-02-07,14:31:28,"0.19, -0.10, 0.99","-0.37, -0.31, -0.18"
2025-02-07,14:31:28,"0.18, -0.10, 0.99","-0.18, -0.24, -0.24"
2025-02-07,14:31:29,"0.18, -0.10, 0.99","-0.43, -0.31, -0.18"
2025-02-07,14:31:29,"0.18, -0.10, 0.99","-0.37, -0.31, -0.18"
2025-02-07,14:31:30,"0.19, -0.10, 0.99","-0.49, -0.31, -0.18"
2025-02-07,14:31:30,"0.18, -0.10, 0.99","-0.37, -0.31, -0.24"
2025-02-07,14:31:31,"0.19, -0.10, 0.99","-0.55, -0.31, -0.18"
2025-02-07,14:31:31,"0.19, -0.10, 0.99","-0.24, -0.24, -0.18"
2025-02-07,14:31:32,"0.19, -0.10, 0.99","-0.31, -0.24, -0.18"
2025-02-07,14:31:32,"0.18, -0.10, 0.99","-0.37, -0.24, -0.18"
2025-02-07,14:31:33,"0.19, -0.10, 0.99","-0.31, -0.24, -0.18"
2025-02-07,14:31:33,"0.19, -0.10, 0.99","-0.24, -0.24, -0.24"
2025-02-07,14:31:34,"0.19, -0.10, 0.99","-0.37, -0.37, -0.24"
2025-02-07,14:31:34,"0.18, -0.10, 0.99","-0.43, -0.31, -0.18"
2025-02-07,14:31:35,"0.19, -0.10, 0.99","-0.18, -0.24, -0.24"
2025-02-07,14:31:35,"0.18, -0.10, 0.99","-0.43, -0.31, -0.24"
2025-02-07,14:31:36,"0.19, -0.10, 0.99","-0.37, -0.31, -0.18"
2025-02-07,14:31:36,"0.19, -0.10, 0.99","-0.31, -0.31, -0.18"
2025-02-07,14:31:37,"0.18, -0.10, 0.99","-0.37, -0.24, -0.18"
2025-02-07,14:31:37,"0.19, -0.10, 0.99","-0.37, -0.24, -0.18"
2025-02-07,14:31:38,"0.18, -0.10, 0.99","-0.37, -0.31, -0.18"
2025-02-07,14:31:38,"0.19, -0.10, 0.99","-0.31, -0.24, -0.18"
2025-02-07,14:31:39,"0.18, -0.10, 0.99","-0.31, -0.24, -0.24"
2025-02-07,14:31:39,"0.18, -0.10, 0.99","-0.37, -0.31, -0.18"
2025-02-07,14:31:40,"0.19, -0.10, 0.99","-0.43, -0.24, -0.24"
2025-02-07,14:31:40,"0.19, -0.10, 0.99","-0.31, -0.31, -0.24"
2025-02-07,14:31:41,"0.18, -0.10, 0.99","-0.43, -0.31, -0.24"
2025-02-07,14:31:41,"0.18, -0.10, 0.99","-0.37, -0.24, -0.24"
2025-02-07,14:31:42,"0.19, -0.10, 0.99","-0.31, -0.31, -0.18"
2025-02-07,14:31:42,"0.19, -0.10, 0.99","-0.31, -0.31, -0.24"
2025-02-07,14:31:43,"0.19, -0.10, 0.99","-0.37, -0.31, -0.18"
2025-02-07,14:31:43,"0.19, -0.10, 0.99","-0.37, -0.24, -0.18"
2025-02-07,14:31:44,"0.19, -0.10, 0.99","-0.43, -0.24, -0.18"
2025-02-07,14:31:44,"0.19, -0.10, 0.99","-0.43, -0.31, -0.18"
2025-02-07,14:31:45,"0.18, -0.10, 0.99","-0.24, -0.24, -0.24"
2025-02-07,14:31:45,"0.19, -0.10, 0.99","-0.55, -0.31, -0.18"
2025-02-07,14:31:46,"0.19, -0.10, 0.99","-0.55, -0.31, -0.18"
2025-02-07,14:31:46,"0.18, -0.10, 0.99","-0.24, -0.24, -0.18"
2025-02-07,14:31:47,"0.18, -0.10, 0.99","-0.37, -0.31, -0.18"
2025-02-07,14:31:47,"0.19, -0.09, 0.99","-2.81, -0.85, 0.18"
2025-02-07,14:31:48,"0.19, -0.10, 0.99","0.67, -0.18, -0.24"
2025-02-07,14:31:48,"0.44, -0.35, 0.39","-368.10, 417.72, 176.94"
2025-02-07,14:31:49,"0.56, -1.32, -1.46","52.80, 252.93, -198.79"
2025-02-07,14:31:49,"0.11, 1.51, -1.77","-398.19, -199.83, -132.32"
2025-02-07,14:31:50,"0.17, -0.01, 0.99","2.26, 1.46, -2.75"
2025-02-07,14:31:50,"0.17, -0.03, 0.99","-0.37, -0.31, -0.18"
2025-02-07,14:31:51,"0.17, -0.03, 1.00","-0.37, -0.24, -0.24"
2025-02-07,14:31:51,"0.17, -0.03, 0.99","-0.43, -0.24, -0.18"
2025-02-07,14:31:52,"0.17, -0.03, 0.99","-0.49, -0.31, -0.12"
2025-02-07,14:31:52,"0.17, -0.03, 0.99","-0.37, -0.31, -0.18"
2025-02-07,14:31:53,"0.17, -0.03, 0.99","-0.37, -0.31, -0.18"
2025-02-07,14:31:53,"0.17, -0.03, 0.99","-0.37, -0.24, -0.24"
2025-02-07,14:31:54,"0.17, -0.03, 0.99","-0.37, -0.31, -0.18"
2025-02-07,14:31:54,"0.17, -0.03, 1.00","-0.37, -0.31, -0.24"
2025-02-07,14:31:55,"0.17, -0.03, 1.00","-0.37, -0.31, -0.18"
2025-02-07,14:31:55,"0.17, -0.03, 1.00","-0.37, -0.31, -0.24"
2025-02-07,14:31:56,"0.17, -0.03, 1.00","-0.37, -0.31, -0.24"
2025-02-07,14:31:56,"0.17, -0.03, 1.00","-0.37, -0.31, -0.18"
2025-02-07,14:31:57,"0.17, -0.03, 1.00","-0.37, -0.31, -0.24"
2025-02-07,14:31:57,"0.17, -0.03, 1.00","-0.37, -0.31, -0.18"
2025-02-07,14:31:58,"0.17, -0.03, 1.00","-0.37, -0.31, -0.18"
2025-02-07,14:31:58,"0.17, -0.03, 1.00","-0.37, -0.24, -0.24"
2025-02-07,14:31:59,"0.17, -0.03, 1.00","-0.37, -0.31, -0.18"
2025-02-07,14:31:59,"0.17, -0.03, 1.00","-0.31, -0.31, -0.18"
2025-02-07,14:32:00,"0.17, -0.03, 1.00","-0.37, -0.24, -0.24"
2025-02-07,14:32:00,"0.17, -0.03, 1.00","-0.37, -0.31, -0.24"
2025-02-07,14:32:01,"0.17, -0.03, 1.00","-0.37, -0.24, -0.18"
2025-02-07,14:32:01,"0.17, -0.03, 1.00","-0.37, -0.31, -0.24"
2025-02-07,14:32:02,"0.17, -0.03, 1.00","-0.37, -0.31, -0.24"
2025-02-07,14:32:02,"0.17, -0.03, 1.00","-0.37, -0.31, -0.18"
2025-02-07,14:32:03,"0.17, -0.03, 1.00","-0.43, -0.24, -0.18"
2025-02-07,14:32:03,"0.17, -0.03, 1.00","-0.31, -0.24, -0.18"
2025-02-07,14:32:04,"0.17, -0.03, 1.00","-0.31, -0.31, -0.18"
2025-02-07,14:32:04,"0.17, -0.03, 1.00","-0.37, -0.31, -0.24"
2025-02-07,14:32:05,"0.17, -0.03, 1.00","-0.37, -0.31, -0.18"
2025-02-07,14:32:05,"0.17, -0.03, 0.99","-0.31, -0.31, -0.24"
2025-02-07,14:32:06,"0.17, -0.03, 1.00","-0.55, -0.37, -0.06"
2025-02-07,14:32:06,"0.17, -0.03, 0.99","-0.37, -0.31, -0.18"
2025-02-07,14:32:07,"2.03, 0.26, 3.96","-100.52, -99.73, 59.20"
2025-02-07,14:32:07,"0.15, 0.03, 0.68","133.06, 46.81, -168.09"
2025-02-07,14:32:08,"0.24, -0.03, 0.98","0.06, 0.06, -0.67"
2025-02-07,14:32:08,"0.23, -0.03, 0.98","-0.79, -0.49, 0.12"
2025-02-07,14:32:09,"0.23, -0.03, 0.98","-0.37, -0.24, -0.24"
2025-02-07,14:32:09,"0.23, -0.03, 0.98","-0.31, -0.24, -0.31"
2025-02-07,14:32:10,"0.23, -0.03, 0.98","-0.37, -0.31, -0.18"
2025-02-07,14:32:10,"0.24, -0.03, 0.98","-0.37, -0.37, -0.18"
2025-02-07,14:32:11,"0.23, -0.03, 0.98","-0.37, -0.31, -0.18"
2025-02-07,14:32:11,"0.23, -0.03, 0.98","-0.37, -0.31, -0.12"
2025-02-07,14:32:12,"0.23, -0.03, 0.98","-0.37, -0.31, -0.24"
2025-02-07,14:32:12,"0.23, -0.03, 0.98","-0.37, -0.24, -0.18"
2025-02-07,14:32:13,"0.23, -0.03, 0.98","-0.31, -0.31, -0.18"
2025-02-07,14:32:13,"0.23, -0.03, 0.98","-0.37, -0.31, -0.18"
2025-02-07,14:32:14,"0.23, -0.03, 0.98","-0.37, -0.31, -0.18"
2025-02-07,14:32:14,"0.23, -0.03, 0.98","-0.37, -0.31, -0.18"
2025-02-07,14:32:15,"0.23, -0.03, 0.98","-0.37, -0.31, -0.18"
2025-02-07,14:32:15,"0.23, -0.03, 0.98","-0.37, -0.31, -0.18"
2025-02-07,14:32:16,"0.23, -0.03, 0.98","-0.37, -0.31, -0.18"
2025-02-07,14:32:16,"0.23, -0.03, 0.98","-0.37, -0.24, -0.24"
2025-02-07,14:32:17,"0.23, -0.03, 0.98","-0.37, -0.31, -0.24"
2025-02-07,14:32:17,"0.23, -0.03, 0.98","-0.37, -0.31, -0.18"
2025-02-07,14:32:18,"0.23, -0.03, 0.98","-0.37, -0.31, -0.18"
2025-02-07,14:32:18,"0.23, -0.03, 0.98","-0.31, -0.31, -0.24"
2025-02-07,14:32:19,"0.23, -0.03, 0.98","-0.31, -0.31, -0.24"
2025-02-07,14:32:19,"0.23, -0.03, 0.98","-0.37, -0.31, -0.18"
2025-02-07,14:32:20,"0.23, -0.03, 0.98","-0.43, -0.31, -0.12"
2025-02-07,14:32:20,"0.23, -0.03, 0.98","-0.49, -0.37, -0.06"
2025-02-07,14:32:21,"0.23, -0.03, 0.98","-0.37, -0.31, -0.18"
2025-02-07,14:32:21,"0.23, -0.03, 0.98","-0.43, -0.31, -0.12"
2025-02-07,14:32:22,"0.23, -0.03, 0.98","-0.37, -0.31, -0.18"
2025-02-07,14:32:22,"0.23, -0.03, 0.98","-0.31, -0.24, -0.31"
2025-02-07,14:32:23,"0.23, -0.03, 0.98","-0.37, -0.31, -0.18"
2025-02-07,14:32:23,"0.23, -0.03, 0.98","-0.37, -0.31, -0.18"
2025-02-07,14:32:24,"0.23, -0.03, 0.98","-0.49, -0.37, -0.12"
2025-02-07,14:32:24,"0.23, -0.03, 0.98","-0.43, -0.31, -0.18"
2025-02-07,14:32:25,"0.23, -0.03, 0.98","-0.43, -0.31, -0.18"
2025-02-07,14:32:25,"0.23, -0.03, 0.98","-0.43, -0.31, -0.18"
2025-02-07,14:32:26,"0.23, -0.03, 0.98","-0.37, -0.31, -0.24"
2025-02-07,14:32:26,"0.23, -0.03, 0.98","-0.31, -0.31, -0.18"
2025-02-07,14:32:27,"0.23, -0.03, 0.98","-0.37, -0.31, -0.18"
2025-02-07,14:32:27,"0.23, -0.03, 0.98","-0.37, -0.31, -0.18"
2025-02-07,14:32:28,"0.23, -0.03, 0.98","-0.24, -0.24, -0.37"
2025-02-07,14:32:28,"0.23, -0.03, 0.98","-0.37, -0.31, -0.18"
2025-02-07,14:32:29,"0.23, -0.03, 0.98","-0.37, -0.31, -0.18"
2025-02-07,14:32:29,"0.23, -0.03, 0.98","-0.37, -0.31, -0.24"
2025-02-07,14:32:30,"0.23, -0.03, 0.98","-0.37, -0.31, -0.24"
2025-02-07,14:32:30,"0.23, -0.03, 0.98","-0.37, -0.24, -0.18"
2025-02-07,14:32:31,"0.23, -0.03, 0.98","-0.37, -0.31, -0.18"
2025-02-07,14:32:31,"0.23, -0.03, 0.98","-0.37, -0.31, -0.18"
2025-02-07,14:32:32,"0.23, -0.03, 0.98","-0.37, -0.24, -0.18"
2025-02-07,14:32:32,"0.23, -0.03, 0.98","-0.37, -0.31, -0.18"
2025-02-07,14:32:33,"0.23, -0.03, 0.98","-0.37, -0.31, -0.18"
2025-02-07,14:32:33,"0.23, -0.03, 0.98","-0.24, -0.24, -0.31"
2025-02-07,14:32:34,"0.23, -0.03, 0.98","-0.31, -0.24, -0.24"
2025-02-07,14:32:34,"0.23, -0.03, 0.98","-0.37, -0.31, -0.18"
2025-02-07,14:32:35,"0.23, -0.03, 0.98","-0.37, -0.24, -0.24"
2025-02-07,14:32:35,"0.23, -0.03, 0.98","-0.37, -0.31, -0.24"
